Task,StartTime,EndTime,LeftClicks,RightClicks,Keystrokes
Other,20130205:112201,20130205:112211,1,0,0
FileOperation,20130205:112211,20130205:112212,0,0,0
FileOperation,20130205:112212,20130205:112213,0,0,0
FileOperation,20130205:112213,20130205:112224,5,0,0
Other,20130205:112224,20130205:112226,0,0,2
FileOperation,20130205:112226,20130205:112227,1,0,0
Other,20130205:112227,20130205:112230,1,0,0
FileOperation,20130205:112230,20130205:112231,1,0,0
Excel,20130205:112231,20130205:112233,1,0,0
Email,20130205:112236,20130205:112247,3,0,0
Email,20130205:112247,20130205:112249,1,0,5
FileOperation,20130205:112249,20130205:112252,1,0,1
Excel,20130205:112252,20130205:112259,5,0,3
Word&Powerpoint,20130205:112259,20130205:112325,9,3,0
Email,20130205:112331,20130205:112332,0,0,0
Email,20130205:112332,20130205:112335,1,0,0
Email,20130205:112335,20130205:112338,2,1,0
Email,20130205:112338,20130205:112500,17,0,16
Email,20130205:112500,20130205:112841,8,0,326
Email,20130205:112841,20130205:112842,1,0,0
Email,20130205:112842,20130205:112845,0,0,0
Email,20130205:112845,20130205:112847,1,0,0
Email,20130205:112847,20130205:112849,1,0,0
Email,20130205:112849,20130205:112854,2,0,2
Word&Powerpoint,20130205:112854,20130205:112906,2,0,0
Excel,20130205:112906,20130205:112917,5,1,0
Excel,20130205:112917,20130205:112936,2,0,0
Excel,20130205:112936,20130205:113000,2,0,41
Excel,20130205:113000,20130205:113023,10,0,6
Excel,20130205:113023,20130205:113025,1,0,0
Excel,20130205:113025,20130205:113052,7,0,0
Excel,20130205:113052,20130205:113059,8,0,0
Excel,20130205:113059,20130205:113114,8,1,0
Excel,20130205:113114,20130205:113122,2,0,3
Excel,20130205:113122,20130205:113123,0,0,0
Excel,20130205:113123,20130205:113124,1,0,0
Excel,20130205:113124,20130205:113125,0,0,1
Excel,20130205:113125,20130205:113127,0,0,1
Excel,20130205:113127,20130205:113148,9,0,2
Word&Powerpoint,20130205:113148,20130205:113156,0,0,2
Excel,20130205:113156,20130205:113203,0,0,4
Word&Powerpoint,20130205:113203,20130205:113208,0,0,2
Excel,20130205:113208,20130205:113256,16,0,8
Excel,20130205:113256,20130205:113259,2,0,0
Excel,20130205:113259,20130205:113347,33,0,4
Word&Powerpoint,20130205:113347,20130205:113348,0,0,2
Excel,20130205:113348,20130205:113350,2,0,0
Excel,20130205:113350,20130205:113352,2,0,0
Excel,20130205:113352,20130205:113354,1,0,2
Word&Powerpoint,20130205:113354,20130205:113356,0,0,2
Excel,20130205:113356,20130205:113433,30,0,0
Excel,20130205:113433,20130205:113435,2,0,0
Excel,20130205:113435,20130205:113452,11,0,2
Word&Powerpoint,20130205:113452,20130205:113453,0,0,2
Excel,20130205:113453,20130205:113458,1,0,1
FileOperation,20130205:113458,20130205:113459,1,0,0
FileOperation,20130205:113459,20130205:113500,0,0,0
FileOperation,20130205:113500,20130205:113501,0,0,2
Other,20130205:113501,20130205:113510,3,0,3
Excel,20130205:113510,20130205:113512,1,0,0
Word&Powerpoint,20130205:113512,20130205:113514,0,0,2
Excel,20130205:113514,20130205:113519,1,0,1
Other,20130205:113519,20130205:113527,2,0,3
Word&Powerpoint,20130205:113527,20130205:113529,2,0,0
Word&Powerpoint,20130205:113529,20130205:113531,2,0,0
Word&Powerpoint,20130205:113531,20130205:113534,1,1,0
Word&Powerpoint,20130205:113534,20130205:113537,4,0,0
Word&Powerpoint,20130205:113537,20130205:113625,17,0,17
Other,20130205:113625,20130205:113626,1,0,0
Other,20130205:113626,20130205:113627,1,0,0
Word&Powerpoint,20130205:113627,20130205:113628,1,0,0
Testing,20130205:113629,20130205:113633,1,0,0
Word&Powerpoint,20130205:113633,20130205:113638,3,0,0
Testing,20130205:113638,20130205:113641,1,0,0
Testing,20130205:113641,20130205:113659,6,0,36
Testing,20130205:113659,20130205:113705,4,0,0
Testing,20130205:113705,20130205:113707,1,0,0
FileOperation,20130205:113707,20130205:113715,1,0,5
Testing,20130205:113715,20130205:113717,1,0,4
Testing,20130205:113717,20130205:113719,1,0,0
FileOperation,20130205:113719,20130205:113721,1,0,1
FileOperation,20130205:113721,20130205:113722,1,0,1
FileOperation,20130205:113722,20130205:113724,0,0,4
FileOperation,20130205:113724,20130205:113732,4,0,2
FileOperation,20130205:113732,20130205:113736,2,0,2
FileOperation,20130205:113736,20130205:113738,1,0,0
Testing,20130205:113738,20130205:113802,4,0,0
Word&Powerpoint,20130205:113803,20130205:113816,2,0,35
Testing,20130205:113816,20130205:113826,0,0,2
Word&Powerpoint,20130205:113826,20130205:113830,0,0,14
FileOperation,20130205:113830,20130205:113831,0,0,2
Testing,20130205:113831,20130205:113832,0,0,2
Word&Powerpoint,20130205:113832,20130205:113836,0,0,12
Testing,20130205:113836,20130205:113839,0,0,3
Word&Powerpoint,20130205:113839,20130205:113842,0,0,12
Testing,20130205:113842,20130205:113845,0,0,0
FileOperation,20130205:113845,20130205:113846,0,0,2
Word&Powerpoint,20130205:113846,20130205:113848,0,0,5
Testing,20130205:113848,20130205:113908,0,0,2
Word&Powerpoint,20130205:113908,20130205:113920,2,1,8
FileOperation,20130205:113921,20130205:113923,1,0,0
FileOperation,20130205:113923,20130205:113924,1,0,0
Testing,20130205:113924,20130205:113930,4,0,0
Testing,20130205:113930,20130205:113945,6,0,0
Testing,20130205:113945,20130205:113951,2,0,2
Testing,20130205:113951,20130205:113959,4,0,0
Testing,20130205:113959,20130205:114000,0,0,0
Testing,20130205:114000,20130205:114008,6,0,0
Word&Powerpoint,20130205:114008,20130205:114014,2,0,0
Testing,20130205:114014,20130205:114019,3,0,1
Testing,20130205:114019,20130205:114023,2,0,2
FileOperation,20130205:114023,20130205:114024,0,0,2
Word&Powerpoint,20130205:114024,20130205:114029,1,0,12
Testing,20130205:114029,20130205:114030,0,0,4
Word&Powerpoint,20130205:114030,20130205:114059,0,0,91
FileOperation,20130205:114059,20130205:114100,0,0,2
Testing,20130205:114100,20130205:114104,3,0,1
Testing,20130205:114104,20130205:114110,3,0,0
Testing,20130205:114110,20130205:114118,5,0,0
Word&Powerpoint,20130205:114118,20130205:114123,1,0,14
Testing,20130205:114123,20130205:114124,0,0,4
Word&Powerpoint,20130205:114124,20130205:114127,0,0,7
Testing,20130205:114127,20130205:114131,1,0,0
Testing,20130205:114131,20130205:114152,7,0,4
Testing,20130205:114152,20130205:114159,4,0,0
Testing,20130205:114159,20130205:114212,3,0,0
Word&Powerpoint,20130205:114212,20130205:114214,1,0,0
Testing,20130205:114214,20130205:114216,2,0,0
Word&Powerpoint,20130205:114216,20130205:114227,0,0,41
FileOperation,20130205:114227,20130205:114228,0,0,4
Word&Powerpoint,20130205:114228,20130205:114232,0,0,8
Testing,20130205:114232,20130205:114233,1,0,0
Testing,20130205:114233,20130205:114240,4,0,0
Testing,20130205:114240,20130205:114241,0,0,1
Word&Powerpoint,20130205:114241,20130205:114250,2,0,20
Testing,20130205:114250,20130205:114253,3,0,0
Word&Powerpoint,20130205:114253,20130205:114303,2,0,14
Testing,20130205:114303,20130205:114306,1,0,0
Testing,20130205:114306,20130205:114307,1,0,0
Testing,20130205:114307,20130205:114308,1,0,0
Testing,20130205:114308,20130205:114311,2,0,0
Testing,20130205:114311,20130205:114318,4,0,8
Testing,20130205:114318,20130205:114319,0,0,1
Testing,20130205:114319,20130205:114325,5,0,0
Word&Powerpoint,20130205:114325,20130205:114330,1,0,10
Testing,20130205:114330,20130205:114332,0,0,2
Word&Powerpoint,20130205:114332,20130205:114343,0,0,51
Testing,20130205:114343,20130205:114344,0,0,2
Word&Powerpoint,20130205:114344,20130205:114348,0,0,10
Testing,20130205:114348,20130205:114349,0,0,3
Word&Powerpoint,20130205:114349,20130205:114354,0,0,21
Testing,20130205:114354,20130205:114355,0,0,4
Word&Powerpoint,20130205:114355,20130205:114358,0,0,17
Testing,20130205:114358,20130205:114359,0,0,2
Word&Powerpoint,20130205:114359,20130205:114404,0,0,29
FileOperation,20130205:114404,20130205:114405,0,0,4
Word&Powerpoint,20130205:114405,20130205:114424,0,0,82
Testing,20130205:114424,20130205:114429,3,0,1
Testing,20130205:114429,20130205:114434,2,0,2
Testing,20130205:114434,20130205:114440,5,0,0
Word&Powerpoint,20130205:114440,20130205:114454,0,0,50
Testing,20130205:114454,20130205:114455,0,0,2
Word&Powerpoint,20130205:114455,20130205:114500,0,0,15
Word&Powerpoint,20130205:114500,20130205:114501,1,0,0
Testing,20130205:114501,20130205:114516,4,0,8
Testing,20130205:114516,20130205:114517,0,0,0
Testing,20130205:114517,20130205:114521,1,0,2
Word&Powerpoint,20130205:114521,20130205:114527,1,0,23
Testing,20130205:114527,20130205:114528,0,0,3
Word&Powerpoint,20130205:114528,20130205:114530,0,0,3
Testing,20130205:114530,20130205:114532,1,0,0
Testing,20130205:114532,20130205:114533,0,0,2
Word&Powerpoint,20130205:114533,20130205:114543,1,0,29
Testing,20130205:114543,20130205:114544,0,0,3
Word&Powerpoint,20130205:114544,20130205:114548,0,0,7
Testing,20130205:114548,20130205:114549,1,0,0
Testing,20130205:114549,20130205:114600,4,0,0
Testing,20130205:114600,20130205:114602,0,0,2
Word&Powerpoint,20130205:114602,20130205:114609,1,0,7
Testing,20130205:114609,20130205:114610,1,0,0
Testing,20130205:114610,20130205:114612,1,0,0
Word&Powerpoint,20130205:114612,20130205:114618,1,0,2
Word&Powerpoint,20130205:114619,20130205:114620,1,0,0
Excel,20130205:114620,20130205:114625,2,0,4
Word&Powerpoint,20130205:114625,20130205:114628,2,0,0
Word&Powerpoint,20130205:114628,20130205:114629,2,0,0
Word&Powerpoint,20130205:114629,20130205:114656,8,0,16
Excel,20130205:114656,20130205:114658,1,0,2
FileOperation,20130205:114658,20130205:114659,0,0,2
Word&Powerpoint,20130205:114659,20130205:114701,2,0,0
Word&Powerpoint,20130205:114701,20130205:114703,2,0,0
Word&Powerpoint,20130205:114703,20130205:115001,50,1,64
Word&Powerpoint,20130205:115001,20130205:115155,0,0,180
Excel,20130205:115155,20130205:115157,0,0,2
Word&Powerpoint,20130205:115157,20130205:115303,12,0,107
Excel,20130205:115303,20130205:115311,2,0,4
Word&Powerpoint,20130205:115311,20130205:115314,2,0,0
Word&Powerpoint,20130205:115314,20130205:115316,2,0,0
Word&Powerpoint,20130205:115316,20130205:115405,7,1,14
Excel,20130205:115405,20130205:115406,1,0,0
Excel,20130205:115406,20130205:115408,1,0,0
Excel,20130205:115408,20130205:115409,0,0,0
Testing,20130205:115409,20130205:115412,3,0,0
Testing,20130205:115412,20130205:115413,0,0,0
Browser,20130205:115413,20130205:115423,2,0,0
Browser,20130205:115428,20130205:115438,4,0,0
Browser,20130205:115438,20130205:115439,0,0,0
Browser,20130205:115439,20130205:115442,1,0,0
Browser,20130205:115442,20130205:115443,0,0,0
Browser,20130205:115443,20130205:115500,3,0,0
Browser,20130205:115500,20130205:115501,0,0,0
Browser,20130205:115501,20130205:115502,0,0,0
Browser,20130205:115502,20130205:115503,1,0,0
Email,20130205:115503,20130205:115557,5,0,0
FileOperation,20130205:115557,20130205:115600,2,0,0
Excel,20130205:115600,20130205:115603,0,0,0
Excel,20130205:115603,20130205:115632,2,0,0
Email,20130205:115632,20130205:115634,1,0,0
Email,20130205:115634,20130205:115702,2,0,0
Email,20130205:115702,20130205:115707,2,0,6
Email,20130205:115707,20130205:115721,3,0,3
Email,20130205:115721,20130205:115748,4,1,0
Email,20130205:115748,20130205:115803,0,0,33
Email,20130205:115803,20130205:115811,4,0,1
Email,20130205:115811,20130205:115824,6,0,3
Excel,20130205:115824,20130205:115905,2,0,0
Browser,20130205:115905,20130205:115911,2,0,0
Browser,20130205:115911,20130205:115913,1,0,0
Browser,20130205:115913,20130205:115924,1,0,0
Browser,20130205:115924,20130205:115934,1,0,0
FileOperation,20130205:115934,20130205:115939,1,0,0
FileOperation,20130205:115939,20130205:120001,1,0,0
FileOperation,20130205:120001,20130205:120241,0,0,0
FileOperation,20130205:120323,20130205:120332,3,0,2
FileOperation,20130205:120332,20130205:120349,8,2,19
FileOperation,20130205:120349,20130205:120401,4,1,0
Other,20130205:120401,20130205:120402,0,0,0
Other,20130205:120402,20130205:120403,2,0,0
Other,20130205:120403,20130205:120408,0,0,9
Other,20130205:120408,20130205:120414,2,0,0
Other,20130205:120414,20130205:120416,1,0,0
Other,20130205:120416,20130205:120417,1,0,0
Other,20130205:120417,20130205:120418,0,0,0
Other,20130205:120418,20130205:120419,1,0,0
Other,20130205:120419,20130205:120423,2,0,0
Other,20130205:120423,20130205:120424,1,0,0
Other,20130205:120424,20130205:120425,1,0,0
Other,20130205:120425,20130205:120430,0,0,0
Other,20130205:120430,20130205:120432,1,0,0
FileOperation,20130205:120432,20130205:120433,1,0,0
FileOperation,20130205:120433,20130205:120434,1,0,4
FileOperation,20130205:120434,20130205:120442,2,0,6
Email,20130205:120444,20130205:120447,1,0,0
Email,20130205:120447,20130205:120450,2,0,2
Email,20130205:120450,20130205:120501,1,0,1
Email,20130205:120501,20130205:120529,1,0,1
Email,20130205:120529,20130205:120538,4,0,0
Email,20130205:120538,20130205:120542,1,1,0
Email,20130205:120542,20130205:120547,4,0,1
Email,20130205:120547,20130205:120550,0,0,4
Email,20130205:120550,20130205:120551,0,0,3
Email,20130205:120551,20130205:120558,2,0,5
Email,20130205:120558,20130205:120603,2,0,2
FileOperation,20130205:120603,20130205:120604,0,0,2
Email,20130205:120604,20130205:120612,3,0,2
Email,20130205:120612,20130205:120614,1,0,0
Email,20130205:120614,20130205:120656,14,0,31
FileOperation,20130205:120656,20130205:120657,0,0,0
Word&Powerpoint,20130205:120657,20130205:120702,1,0,0
Email,20130205:120702,20130205:120708,1,0,7
Word&Powerpoint,20130205:120708,20130205:120709,0,0,3
Email,20130205:120709,20130205:120713,0,0,13
Word&Powerpoint,20130205:120713,20130205:120717,0,0,2
Email,20130205:120717,20130205:120719,0,0,2
Word&Powerpoint,20130205:120719,20130205:120720,0,0,2
Email,20130205:120720,20130205:120727,5,0,5
Word&Powerpoint,20130205:120727,20130205:120728,0,0,0
Email,20130205:120728,20130205:120804,5,0,50
FileOperation,20130205:120804,20130205:120806,2,0,0
Word&Powerpoint,20130205:120806,20130205:120807,0,0,0
Word&Powerpoint,20130205:120807,20130205:120818,1,0,0
Email,20130205:120818,20130205:120931,1,0,203
Word&Powerpoint,20130205:120931,20130205:120940,0,0,2
Email,20130205:120940,20130205:121001,1,0,50
Email,20130205:121001,20130205:121501,2,0,466
Email,20130205:121501,20130205:121503,1,0,0
Browser,20130205:121503,20130205:121508,1,0,0
Browser,20130205:121508,20130205:121553,3,0,0
Email,20130205:121554,20130205:121636,2,0,116
Email,20130205:121636,20130205:121639,1,0,0
Email,20130205:121639,20130205:121640,0,0,0
Email,20130205:121640,20130205:121645,1,0,0
Word&Powerpoint,20130205:121645,20130205:121646,1,0,0
Browser,20130205:121646,20130205:121648,1,0,0
FileOperation,20130205:121648,20130205:121649,1,0,0
Email,20130205:121649,20130205:121651,1,0,0
Email,20130205:121651,20130205:121655,3,0,0
Email,20130205:121655,20130205:121659,2,1,0
Email,20130205:121659,20130205:121700,0,0,0
Email,20130205:121700,20130205:121702,1,0,0
Email,20130205:121702,20130205:121705,1,0,4
Email,20130205:121705,20130205:121720,3,0,11
Email,20130205:121720,20130205:121722,1,0,0
Email,20130205:121722,20130205:121723,1,0,0
Email,20130205:121723,20130205:121726,0,0,0
Email,20130205:121726,20130205:121728,1,0,0
Email,20130205:121728,20130205:121732,3,0,0
Email,20130205:121732,20130205:121734,1,0,0
Email,20130205:121734,20130205:121735,1,0,0
Email,20130205:121735,20130205:121744,2,0,3
Email,20130205:121744,20130205:121749,2,0,0
Browser,20130205:121749,20130205:121751,0,0,0
Browser,20130205:121751,20130205:121753,0,0,0
Browser,20130205:121753,20130205:121754,0,0,0
Browser,20130205:121754,20130205:121801,5,0,0
Browser,20130205:121801,20130205:121802,1,0,0
Browser,20130205:121802,20130205:121803,0,0,0
Browser,20130205:121803,20130205:121804,1,0,0
Browser,20130205:121804,20130205:121805,1,0,0
Browser,20130205:121805,20130205:121807,1,0,0
Email,20130205:121807,20130205:121815,3,0,2
Browser,20130205:121815,20130205:121816,0,0,0
Browser,20130205:121816,20130205:121821,5,0,0
Browser,20130205:121821,20130205:121823,2,0,0
Browser,20130205:121823,20130205:121824,1,0,0
Browser,20130205:121824,20130205:121825,0,0,0
Browser,20130205:121825,20130205:121826,1,0,0
Email,20130205:121826,20130205:122002,1,0,1
Email,20130205:122002,20130205:122129,0,0,0
Email,20130205:122149,20130205:122150,1,0,0
Email,20130205:122150,20130205:122155,2,0,2
Browser,20130205:122155,20130205:122157,1,0,0
FileOperation,20130205:122157,20130205:122200,1,0,0
Browser,20130205:122200,20130205:122209,1,0,0
Browser,20130205:122209,20130205:122502,2,0,0
Browser,20130205:122502,20130205:122511,0,0,0
Browser,20130205:123059,20130205:123100,1,0,0
Email,20130205:123109,20130205:123110,0,0,0
Email,20130205:123110,20130205:123422,1,0,1
Email,20130205:123701,20130205:123702,1,0,0
Browser,20130205:123702,20130205:123706,1,0,0
Browser,20130205:123706,20130205:124002,1,0,0
Browser,20130205:124002,20130205:124010,0,0,0
Browser,20130205:133610,20130205:133611,1,0,0
Browser,20130205:133611,20130205:133613,1,0,0
Email,20130205:133613,20130205:133614,1,0,0
Email,20130205:133614,20130205:133617,1,0,1
Email,20130205:133617,20130205:133623,2,0,4
Browser,20130205:133623,20130205:133627,0,0,1
Browser,20130205:133627,20130205:133628,0,0,0
Browser,20130205:133628,20130205:133743,5,0,0
Browser,20130205:133743,20130205:133747,2,0,0
Browser,20130205:133747,20130205:133811,2,0,0
Other,20130205:133812,20130205:133814,1,0,0
FileOperation,20130205:133814,20130205:133936,1,0,0
Browser,20130205:133936,20130205:133937,0,0,0
Browser,20130205:133937,20130205:134004,1,0,0
Browser,20130205:134004,20130205:134012,1,0,0
Browser,20130205:134012,20130205:134016,1,0,0
Browser,20130205:134016,20130205:134023,1,0,0
Browser,20130205:134023,20130205:134025,1,0,0
Browser,20130205:134025,20130205:134036,2,0,0
Browser,20130205:134036,20130205:134039,2,0,0
Browser,20130205:134039,20130205:134041,1,0,0
Email,20130205:134042,20130205:134045,1,0,0
Email,20130205:134045,20130205:134121,1,0,0
FileOperation,20130205:134122,20130205:134140,3,0,0
FileOperation,20130205:134140,20130205:134401,10,0,0
Email,20130205:134401,20130205:134408,3,0,0
Email,20130205:134408,20130205:134412,1,1,0
Email,20130205:134412,20130205:134504,6,0,87
Email,20130205:134504,20130205:134631,1,0,307
Browser,20130205:134631,20130205:134634,1,0,0
Browser,20130205:134634,20130205:134645,3,0,2
Email,20130205:134645,20130205:134714,1,0,74
Browser,20130205:134714,20130205:134717,0,0,2
Email,20130205:134717,20130205:134811,1,0,63
Email,20130205:134811,20130205:134812,1,0,0
Email,20130205:134812,20130205:134816,0,0,0
Browser,20130205:134816,20130205:134818,1,0,0
Email,20130205:134818,20130205:134822,3,0,0
Email,20130205:134822,20130205:134828,1,0,0
Browser,20130205:134828,20130205:134830,1,0,0
FileOperation,20130205:134830,20130205:134845,0,0,2
FileOperation,20130205:134845,20130205:134850,2,0,0
FileOperation,20130205:134850,20130205:134853,3,0,0
FileOperation,20130205:134853,20130205:134855,2,0,0
FileOperation,20130205:134855,20130205:134856,2,0,0
FileOperation,20130205:134856,20130205:134857,2,0,0
FileOperation,20130205:134857,20130205:134901,2,0,0
FileOperation,20130205:134901,20130205:134902,1,0,0
FileOperation,20130205:134902,20130205:134903,2,0,0
FileOperation,20130205:134903,20130205:134904,2,0,0
FileOperation,20130205:134904,20130205:134905,2,0,0
FileOperation,20130205:134905,20130205:134907,1,0,0
FileOperation,20130205:134907,20130205:134915,1,1,11
FileOperation,20130205:134915,20130205:134922,2,0,0
Email,20130205:134922,20130205:134924,1,0,0
Browser,20130205:134924,20130205:134925,0,0,0
Browser,20130205:134925,20130205:134926,0,0,0
Browser,20130205:134926,20130205:134927,0,0,0
Browser,20130205:134927,20130205:134932,4,0,0
Browser,20130205:134932,20130205:134936,3,0,0
Browser,20130205:134936,20130205:134937,0,0,0
Browser,20130205:134937,20130205:134938,1,0,0
Email,20130205:134938,20130205:134942,2,0,1
FileOperation,20130205:134942,20130205:134948,3,0,0
FileOperation,20130205:134948,20130205:134953,2,0,0
FileOperation,20130205:134953,20130205:134957,3,1,5
FileOperation,20130205:134957,20130205:135004,2,0,9
FileOperation,20130205:135004,20130205:135005,0,0,1
FileOperation,20130205:135005,20130205:135008,2,0,0
FileOperation,20130205:135008,20130205:135012,1,0,1
FileOperation,20130205:135012,20130205:135013,1,0,0
FileOperation,20130205:135013,20130205:135014,1,0,0
FileOperation,20130205:135014,20130205:135016,3,0,1
FileOperation,20130205:135016,20130205:135017,1,0,0
FileOperation,20130205:135017,20130205:135019,1,0,0
FileOperation,20130205:135019,20130205:135021,2,0,0
FileOperation,20130205:135021,20130205:135022,2,0,0
FileOperation,20130205:135022,20130205:135025,1,0,0
FileOperation,20130205:135025,20130205:135026,1,0,2
FileOperation,20130205:135026,20130205:135032,2,0,2
FileOperation,20130205:135032,20130205:135033,1,0,1
FileOperation,20130205:135033,20130205:135046,3,0,0
FileOperation,20130205:135046,20130205:135047,1,0,0
FileOperation,20130205:135047,20130205:135051,2,0,0
FileOperation,20130205:135051,20130205:135052,1,0,0
FileOperation,20130205:135052,20130205:135055,1,0,0
FileOperation,20130205:135055,20130205:135104,4,0,0
FileOperation,20130205:135104,20130205:135107,2,0,0
FileOperation,20130205:135107,20130205:135108,2,0,0
FileOperation,20130205:135108,20130205:135115,3,0,0
FileOperation,20130205:135115,20130205:135120,1,0,0
FileOperation,20130205:135120,20130205:135121,0,0,1
FileOperation,20130205:135121,20130205:135136,1,0,1
FileOperation,20130205:135136,20130205:135138,1,0,0
FileOperation,20130205:135138,20130205:135141,2,0,0
FileOperation,20130205:135141,20130205:135150,2,0,0
Other,20130205:135150,20130205:135151,1,0,0
Other,20130205:135151,20130205:135152,0,0,0
Other,20130205:135152,20130205:135155,1,0,0
FileOperation,20130205:135155,20130205:135157,1,0,0
FileOperation,20130205:135157,20130205:135200,2,0,0
FileOperation,20130205:135200,20130205:135201,2,0,0
FileOperation,20130205:135201,20130205:135203,2,0,0
FileOperation,20130205:135203,20130205:135205,2,0,0
FileOperation,20130205:135205,20130205:135208,3,0,0
FileOperation,20130205:135208,20130205:135212,3,0,2
FileOperation,20130205:135212,20130205:135218,4,0,4
FileOperation,20130205:135218,20130205:135220,1,0,0
FileOperation,20130205:135220,20130205:135221,0,0,1
FileOperation,20130205:135221,20130205:135222,1,1,2
FileOperation,20130205:135222,20130205:135230,3,0,4
FileOperation,20130205:135230,20130205:135231,1,0,0
FileOperation,20130205:135231,20130205:135235,1,0,0
FileOperation,20130205:135235,20130205:135236,1,0,0
FileOperation,20130205:135236,20130205:135241,3,0,0
FileOperation,20130205:135241,20130205:135245,1,0,0
FileOperation,20130205:135245,20130205:135248,2,0,3
FileOperation,20130205:135248,20130205:135249,0,0,0
FileOperation,20130205:135249,20130205:135251,1,0,0
FileOperation,20130205:135251,20130205:135252,1,0,0
FileOperation,20130205:135252,20130205:135254,2,0,2
FileOperation,20130205:135254,20130205:135258,0,0,2
FileOperation,20130205:135258,20130205:135259,0,0,0
FileOperation,20130205:135259,20130205:135301,1,0,0
FileOperation,20130205:135301,20130205:135306,4,0,4
FileOperation,20130205:135306,20130205:135311,4,0,0
FileOperation,20130205:135311,20130205:135318,2,0,2
FileOperation,20130205:135318,20130205:135325,4,0,0
FileOperation,20130205:135325,20130205:135326,1,0,0
FileOperation,20130205:135326,20130205:135332,4,0,0
FileOperation,20130205:135332,20130205:135335,1,0,0
FileOperation,20130205:135336,20130205:135339,2,0,3
FileOperation,20130205:135339,20130205:135354,3,1,25
FileOperation,20130205:135354,20130205:135355,1,0,0
FileOperation,20130205:135355,20130205:135358,3,0,3
FileOperation,20130205:135358,20130205:135400,0,0,2
FileOperation,20130205:135400,20130205:135401,1,0,0
FileOperation,20130205:135401,20130205:135402,2,0,0
FileOperation,20130205:135402,20130205:135403,2,0,0
FileOperation,20130205:135403,20130205:135405,0,0,0
FileOperation,20130205:135405,20130205:135409,1,0,5
FileOperation,20130205:135409,20130205:135410,1,0,0
FileOperation,20130205:135410,20130205:135412,1,0,0
FileOperation,20130205:135412,20130205:135415,1,0,0
FileOperation,20130205:135415,20130205:135426,1,0,0
FileOperation,20130205:135426,20130205:135427,1,0,0
FileOperation,20130205:135427,20130205:135432,4,0,0
FileOperation,20130205:135432,20130205:135433,1,0,0
FileOperation,20130205:135433,20130205:135444,3,0,0
FileOperation,20130205:135444,20130205:135447,1,0,0
FileOperation,20130205:135447,20130205:135449,1,0,0
FileOperation,20130205:135449,20130205:135452,2,0,0
FileOperation,20130205:135452,20130205:135453,1,0,0
FileOperation,20130205:135453,20130205:135500,3,0,0
FileOperation,20130205:135500,20130205:135503,2,0,0
FileOperation,20130205:135503,20130205:135504,2,0,0
FileOperation,20130205:135504,20130205:135505,0,0,0
FileOperation,20130205:135505,20130205:135506,2,0,0
FileOperation,20130205:135506,20130205:135507,0,0,0
FileOperation,20130205:135507,20130205:135509,2,0,0
FileOperation,20130205:135509,20130205:135511,2,0,0
FileOperation,20130205:135511,20130205:135513,2,0,0
FileOperation,20130205:135513,20130205:135516,2,0,0
FileOperation,20130205:135516,20130205:135523,1,0,0
FileOperation,20130205:135523,20130205:135527,2,0,0
FileOperation,20130205:135527,20130205:135530,2,0,0
FileOperation,20130205:135530,20130205:135533,3,0,0
FileOperation,20130205:135533,20130205:135537,1,0,0
FileOperation,20130205:135537,20130205:135546,4,0,0
FileOperation,20130205:135546,20130205:135548,4,0,0
FileOperation,20130205:135548,20130205:135550,2,0,0
FileOperation,20130205:135550,20130205:135552,1,0,0
FileOperation,20130205:135552,20130205:135553,1,0,0
FileOperation,20130205:135553,20130205:135557,2,0,0
FileOperation,20130205:135557,20130205:135610,5,0,0
FileOperation,20130205:135610,20130205:135614,2,0,0
FileOperation,20130205:135614,20130205:135630,2,0,0
FileOperation,20130205:135630,20130205:135632,1,0,0
FileOperation,20130205:135632,20130205:135634,1,0,0
FileOperation,20130205:135634,20130205:135636,1,0,0
FileOperation,20130205:135636,20130205:135640,2,0,0
FileOperation,20130205:135640,20130205:135641,1,0,0
FileOperation,20130205:135641,20130205:135645,2,0,0
FileOperation,20130205:135645,20130205:135647,2,0,0
FileOperation,20130205:135647,20130205:135651,3,0,0
FileOperation,20130205:135651,20130205:135652,2,0,0
FileOperation,20130205:135652,20130205:135701,3,0,4
FileOperation,20130205:135701,20130205:135703,1,0,0
FileOperation,20130205:135703,20130205:135708,3,0,0
FileOperation,20130205:135708,20130205:135714,3,0,0
FileOperation,20130205:135714,20130205:135716,2,0,0
FileOperation,20130205:135716,20130205:135720,3,0,4
FileOperation,20130205:135720,20130205:135724,0,0,0
FileOperation,20130205:135724,20130205:135733,5,0,0
FileOperation,20130205:135733,20130205:135734,0,0,0
FileOperation,20130205:135734,20130205:135739,1,0,0
FileOperation,20130205:135739,20130205:135743,4,0,0
FileOperation,20130205:135743,20130205:135745,1,0,0
FileOperation,20130205:135745,20130205:135746,0,0,0
FileOperation,20130205:135746,20130205:135751,1,0,0
FileOperation,20130205:135752,20130205:135754,1,0,0
FileOperation,20130205:135754,20130205:135757,2,0,0
FileOperation,20130205:135757,20130205:135801,2,0,0
FileOperation,20130205:135801,20130205:135806,2,0,0
FileOperation,20130205:135806,20130205:135808,2,0,0
FileOperation,20130205:135808,20130205:135820,4,0,0
FileOperation,20130205:135820,20130205:135821,1,0,0
FileOperation,20130205:135821,20130205:135832,3,0,0
FileOperation,20130205:135832,20130205:135838,2,0,0
FileOperation,20130205:135838,20130205:135840,3,0,0
FileOperation,20130205:135840,20130205:135842,1,0,0
FileOperation,20130205:135842,20130205:135854,4,0,0
FileOperation,20130205:135854,20130205:135856,2,0,0
FileOperation,20130205:135856,20130205:135859,1,0,0
FileOperation,20130205:135859,20130205:135900,1,0,2
FileOperation,20130205:135900,20130205:135902,0,0,2
FileOperation,20130205:135902,20130205:135903,0,0,0
FileOperation,20130205:135903,20130205:135906,2,0,0
FileOperation,20130205:135906,20130205:135908,2,0,0
FileOperation,20130205:135908,20130205:135910,1,0,0
FileOperation,20130205:135910,20130205:135912,2,0,3
FileOperation,20130205:135912,20130205:135927,6,0,1
FileOperation,20130205:135927,20130205:135929,1,0,0
FileOperation,20130205:135929,20130205:135931,1,0,0
FileOperation,20130205:135931,20130205:135932,0,0,2
FileOperation,20130205:135932,20130205:135941,2,0,0
Email,20130205:135941,20130205:135943,1,0,0
Email,20130205:135943,20130205:135953,1,0,0
Email,20130205:135953,20130205:140004,0,0,0
Email,20130205:140004,20130205:140005,1,1,0
FileOperation,20130205:140005,20130205:140006,0,0,1
FileOperation,20130205:140006,20130205:140011,2,0,0
Other,20130205:140011,20130205:140055,0,1,1
FileOperation,20130205:140055,20130205:140106,1,0,0
Other,20130205:140106,20130205:140116,2,0,2
FileOperation,20130205:140116,20130205:140118,1,0,3
FileOperation,20130205:140118,20130205:140120,2,0,0
FileOperation,20130205:140120,20130205:140124,1,0,0
Other,20130205:140124,20130205:140125,1,0,0
FileOperation,20130205:140125,20130205:140127,1,0,0
FileOperation,20130205:140136,20130205:140137,1,0,0
FileOperation,20130205:140137,20130205:140149,2,0,0
FileOperation,20130205:140149,20130205:140153,2,0,0
FileOperation,20130205:140153,20130205:140156,1,0,0
FileOperation,20130205:140156,20130205:140159,2,0,0
FileOperation,20130205:140159,20130205:140245,14,0,0
FileOperation,20130205:140245,20130205:140309,3,0,0
FileOperation,20130205:140309,20130205:140311,1,0,0
FileOperation,20130205:140311,20130205:140314,1,0,0
FileOperation,20130205:140314,20130205:140315,1,0,0
FileOperation,20130205:140315,20130205:140317,2,0,0
FileOperation,20130205:140317,20130205:140336,11,0,0
FileOperation,20130205:140336,20130205:140349,6,0,2
FileOperation,20130205:140349,20130205:140352,1,0,0
FileOperation,20130205:140352,20130205:140436,2,0,0
Other,20130205:140436,20130205:140440,1,0,0
FileOperation,20130205:140440,20130205:140442,1,0,0
Other,20130205:140444,20130205:140445,0,0,0
Testing,20130205:140445,20130205:140505,1,0,0
Testing,20130205:140505,20130205:140515,0,0,0
Other,20130205:140515,20130205:140516,0,0,0
Testing,20130205:140516,20130205:140519,0,0,12
Testing,20130205:140519,20130205:140522,0,0,3
Testing,20130205:140522,20130205:140824,36,3,1
Other,20130205:140824,20130205:140829,4,0,0
FileOperation,20130205:140829,20130205:140832,2,0,0
Excel,20130205:140832,20130205:140833,0,0,0
Excel,20130205:140833,20130205:140834,1,0,0
Excel,20130205:140834,20130205:140918,2,0,0
FileOperation,20130205:140918,20130205:140926,3,0,2
Testing,20130205:140926,20130205:141005,9,0,0
Testing,20130205:141005,20130205:141505,110,6,17
Testing,20130205:141505,20130205:142005,92,4,12
Testing,20130205:142005,20130205:142110,20,1,0
FileOperation,20130205:142110,20130205:142111,1,0,1
Testing,20130205:142111,20130205:142112,1,0,0
FileOperation,20130205:142112,20130205:142122,0,0,0
Email,20130205:142122,20130205:142123,0,0,0
Email,20130205:142123,20130205:142134,2,0,0
Email,20130205:142134,20130205:142138,1,0,4
Testing,20130205:142138,20130205:142505,30,1,38
Testing,20130205:142505,20130205:142719,10,1,7
FileOperation,20130205:142719,20130205:142724,2,0,0
Excel,20130205:142724,20130205:142725,0,0,0
Excel,20130205:142725,20130205:142726,1,0,0
Excel,20130205:142726,20130205:142727,0,0,0
Excel,20130205:142727,20130205:142728,0,0,0
Excel,20130205:142728,20130205:142729,1,0,0
Excel,20130205:142729,20130205:142732,1,0,0
Excel,20130205:142732,20130205:142738,4,0,0
Excel,20130205:142738,20130205:142743,1,0,0
FileOperation,20130205:142743,20130205:142745,2,0,0
FileOperation,20130205:142745,20130205:142751,4,0,0
FileOperation,20130205:142751,20130205:142753,2,0,0
FileOperation,20130205:142753,20130205:142816,10,0,3
FileOperation,20130205:142816,20130205:142818,1,0,2
FileOperation,20130205:142818,20130205:142820,1,0,0
FileOperation,20130205:142820,20130205:142824,1,0,0
Excel,20130205:142824,20130205:142825,1,0,0
Excel,20130205:142825,20130205:142827,1,0,0
FileOperation,20130205:142827,20130205:142829,1,0,0
FileOperation,20130205:142829,20130205:142836,1,0,0
FileOperation,20130205:142836,20130205:142838,1,0,0
FileOperation,20130205:142838,20130205:142839,2,0,0
FileOperation,20130205:142839,20130205:142840,2,0,0
FileOperation,20130205:142840,20130205:142842,2,0,0
Other,20130205:142842,20130205:142843,0,0,0
Other,20130205:142843,20130205:142844,1,0,0
FileOperation,20130205:142844,20130205:142848,2,0,0
FileOperation,20130205:142848,20130205:142908,2,0,0
Other,20130205:142908,20130205:142914,6,0,4
Other,20130205:142914,20130205:142915,2,0,0
Other,20130205:142915,20130205:142929,1,0,0
Other,20130205:142929,20130205:142930,0,0,0
FileOperation,20130205:142930,20130205:142934,1,0,0
Testing,20130205:142934,20130205:142944,3,0,13
FileOperation,20130205:142944,20130205:142952,3,0,2
Testing,20130205:142952,20130205:142953,0,0,0
Excel,20130205:142953,20130205:142954,0,0,0
Excel,20130205:142954,20130205:142955,0,0,0
Testing,20130205:142955,20130205:142959,3,0,1
Excel,20130205:142959,20130205:143005,3,0,4
Excel,20130205:143005,20130205:143201,0,0,227
Testing,20130205:143201,20130205:143203,0,0,0
Testing,20130205:143203,20130205:143226,0,0,22
Testing,20130205:143226,20130205:143238,0,0,2
Excel,20130205:143238,20130205:143252,0,0,4
Testing,20130205:143252,20130205:143256,0,0,2
FileOperation,20130205:143256,20130205:143257,0,0,4
Excel,20130205:143257,20130205:143258,0,0,2
Testing,20130205:143258,20130205:143300,0,0,4
Excel,20130205:143300,20130205:143318,0,0,22
Excel,20130205:143318,20130205:143324,0,0,0
Excel,20130205:143324,20130205:143505,0,0,185
Excel,20130205:143505,20130205:143514,0,0,1
Excel,20130205:143514,20130205:143518,0,0,0
Excel,20130205:143518,20130205:143712,0,0,265
Testing,20130205:143712,20130205:143717,0,0,0
Excel,20130205:143717,20130205:143836,0,0,197
Testing,20130205:143836,20130205:143837,0,0,2
Excel,20130205:143837,20130205:143850,0,0,4
Excel,20130205:143850,20130205:143904,0,0,0
Excel,20130205:143904,20130205:144001,0,0,2
Testing,20130205:144001,20130205:144004,0,0,0
Testing,20130205:144004,20130205:144005,0,0,0
Excel,20130205:144005,20130205:144006,0,0,0
Excel,20130205:144006,20130205:144007,0,0,0
FileOperation,20130205:144007,20130205:144009,0,0,0
Testing,20130205:144009,20130205:144019,0,0,10
Excel,20130205:144019,20130205:144021,0,0,0
Testing,20130205:144021,20130205:144023,0,0,0
Testing,20130205:144023,20130205:144039,0,0,26
Testing,20130205:144039,20130205:144049,0,0,2
Excel,20130205:144049,20130205:144051,0,0,4
Testing,20130205:144051,20130205:144054,0,0,4
Excel,20130205:144054,20130205:144056,0,0,4
Testing,20130205:144056,20130205:144100,0,0,7
Excel,20130205:144100,20130205:144140,0,0,89
Testing,20130205:144140,20130205:144143,0,0,2
Excel,20130205:144143,20130205:144316,0,0,201
Excel,20130205:144316,20130205:144324,0,0,0
Excel,20130205:144324,20130205:144336,0,0,2
FileOperation,20130205:144336,20130205:144338,0,0,0
Excel,20130205:144338,20130205:144339,0,0,0
Excel,20130205:144339,20130205:144342,0,0,3
Excel,20130205:144342,20130205:144344,0,0,4
Excel,20130205:144344,20130205:144354,0,0,11
FileOperation,20130205:144354,20130205:144355,0,0,2
Excel,20130205:144355,20130205:144358,0,0,4
Excel,20130205:144358,20130205:144401,0,0,4
Excel,20130205:144401,20130205:144405,0,0,4
Excel,20130205:144405,20130205:144413,0,0,5
Excel,20130205:144413,20130205:144420,0,0,4
Excel,20130205:144420,20130205:144425,0,0,6
Excel,20130205:144425,20130205:144426,0,0,4
Excel,20130205:144426,20130205:144427,0,0,0
Excel,20130205:144427,20130205:144430,0,0,4
Excel,20130205:144430,20130205:144434,0,0,4
Excel,20130205:144434,20130205:144450,0,0,8
FileOperation,20130205:144450,20130205:144458,0,0,2
FileOperation,20130205:144458,20130205:144500,0,0,2
FileOperation,20130205:144500,20130205:144501,0,0,0
FileOperation,20130205:144501,20130205:144503,0,0,0
FileOperation,20130205:144503,20130205:144504,0,0,0
FileOperation,20130205:144504,20130205:144506,0,0,0
FileOperation,20130205:144506,20130205:144509,0,0,1
FileOperation,20130205:144509,20130205:144510,0,0,1
FileOperation,20130205:144510,20130205:144513,0,0,1
FileOperation,20130205:144513,20130205:144514,0,0,1
FileOperation,20130205:144514,20130205:144516,0,0,0
FileOperation,20130205:144516,20130205:144519,0,0,0
FileOperation,20130205:144519,20130205:144530,0,0,2
Testing,20130205:144530,20130205:144916,0,0,16
Testing,20130205:145252,20130205:145506,0,0,0
Testing,20130205:145506,20130205:145553,0,0,0
Testing,20130205:145735,20130205:145736,0,0,1
Testing,20130205:145736,20130205:145814,0,0,0
Testing,20130205:145814,20130205:145816,0,0,0
Other,20130205:145816,20130205:145830,0,0,0
Other,20130205:145830,20130205:145833,0,0,8
Other,20130205:145833,20130205:145841,0,0,1
Other,20130205:145841,20130205:145842,0,0,0
Other,20130205:145842,20130205:145844,0,0,0
Other,20130205:145844,20130205:145845,0,0,0
Other,20130205:145845,20130205:145849,0,0,0
FileOperation,20130205:145849,20130205:145851,0,0,2
Testing,20130205:145851,20130205:145852,0,0,0
Other,20130205:145852,20130205:145855,0,0,0
FileOperation,20130205:145855,20130205:145857,0,0,0
Other,20130205:145857,20130205:145858,0,0,0
Other,20130205:145858,20130205:145859,0,0,0
Other,20130205:145859,20130205:145900,0,0,0
Other,20130205:145900,20130205:145902,0,0,0
Other,20130205:145902,20130205:145907,0,0,0
Other,20130205:145907,20130205:145910,0,0,0
FileOperation,20130205:145910,20130205:145911,0,0,1
FileOperation,20130205:145911,20130205:145914,0,0,3
FileOperation,20130205:145914,20130205:145915,0,0,1
FileOperation,20130205:145915,20130205:145917,0,0,2
FileOperation,20130205:145917,20130205:145919,0,0,2
FileOperation,20130205:145919,20130205:145921,0,0,0
FileOperation,20130205:145921,20130205:145925,0,0,0
FileOperation,20130205:145928,20130205:145929,0,0,0
FileOperation,20130205:145929,20130205:145930,0,0,0
FileOperation,20130205:145930,20130205:145931,0,0,2
FileOperation,20130205:145931,20130205:145935,0,0,0
FileOperation,20130205:145935,20130205:145938,0,0,0
FileOperation,20130205:145938,20130205:145946,0,0,0
FileOperation,20130205:145946,20130205:145950,0,0,0
FileOperation,20130205:145950,20130205:145951,0,0,0
FileOperation,20130205:145951,20130205:145952,0,0,0
FileOperation,20130205:145952,20130205:145954,0,0,0
FileOperation,20130205:145954,20130205:145955,0,0,0
FileOperation,20130205:145955,20130205:145957,0,0,0
FileOperation,20130205:145957,20130205:145958,0,0,0
FileOperation,20130205:145958,20130205:150004,0,0,4
FileOperation,20130205:150004,20130205:150005,0,0,0
FileOperation,20130205:150005,20130205:150006,0,0,0
FileOperation,20130205:150006,20130205:150009,0,0,0
FileOperation,20130205:150009,20130205:150010,0,0,0
FileOperation,20130205:150010,20130205:150012,0,0,0
FileOperation,20130205:150012,20130205:150017,0,0,0
Email,20130205:150017,20130205:150022,0,0,8
Email,20130205:150022,20130205:150033,0,0,1
Browser,20130205:150033,20130205:150034,0,0,0
Browser,20130205:150034,20130205:150036,0,0,0
Browser,20130205:150036,20130205:150104,0,0,30
Browser,20130205:150104,20130205:150105,0,0,0
Browser,20130205:150105,20130205:150110,0,0,0
Browser,20130205:150110,20130205:150113,0,0,0
Browser,20130205:150113,20130205:150115,0,0,0
Browser,20130205:150115,20130205:150117,0,0,0
Browser,20130205:150117,20130205:150118,0,0,0
Browser,20130205:150118,20130205:150121,0,0,0
Browser,20130205:150121,20130205:150130,0,0,0
Email,20130205:150130,20130205:150139,0,0,1
FileOperation,20130205:150139,20130205:150143,0,0,0
Email,20130205:150144,20130205:150149,0,0,0
Email,20130205:150149,20130205:150153,0,0,0
Email,20130205:150153,20130205:150159,0,0,3
Email,20130205:150159,20130205:150200,0,0,7
Email,20130205:150200,20130205:150201,0,0,4
Email,20130205:150201,20130205:150205,0,0,0
Email,20130205:150205,20130205:150209,0,0,4
Email,20130205:150209,20130205:150210,0,0,0
Email,20130205:150210,20130205:150212,0,0,2
Email,20130205:150212,20130205:150320,0,0,273
Email,20130205:150320,20130205:150321,0,0,0
Email,20130205:150322,20130205:150334,0,0,22
Email,20130205:150334,20130205:150337,0,0,0
FileOperation,20130205:150337,20130205:150338,0,0,0
Email,20130205:150338,20130205:150346,0,0,1
Email,20130205:150346,20130205:150351,0,0,0
Email,20130205:150351,20130205:150401,0,0,0
Email,20130205:150401,20130205:150408,0,0,0
FileOperation,20130205:150408,20130205:150410,0,0,0
Email,20130205:150410,20130205:150411,0,0,0
Email,20130205:150411,20130205:150415,0,0,0
Email,20130205:150415,20130205:150419,0,0,0
Email,20130205:150419,20130205:150420,0,0,0
Email,20130205:150420,20130205:150423,0,0,2
Testing,20130205:150423,20130205:150429,0,0,0
Email,20130205:150429,20130205:150431,0,0,0
FileOperation,20130205:150431,20130205:150436,0,0,0
FileOperation,20130205:150436,20130205:150443,0,0,0
Email,20130205:150443,20130205:150445,0,0,0
Email,20130205:150445,20130205:150457,0,0,0
FileOperation,20130205:150457,20130205:150459,0,0,0
FileOperation,20130205:150500,20130205:150506,0,0,2
FileOperation,20130205:150506,20130205:150507,0,0,0
Excel,20130205:150507,20130205:150508,0,0,0
Excel,20130205:150508,20130205:150509,0,0,0
Excel,20130205:150509,20130205:150510,0,0,0
Excel,20130205:150510,20130205:150512,0,0,0
Excel,20130205:150512,20130205:150513,0,0,0
Excel,20130205:150513,20130205:150516,0,0,0
Excel,20130205:150516,20130205:150523,0,0,0
Excel,20130205:150523,20130205:150529,0,0,0
FileOperation,20130205:150530,20130205:150538,0,0,0
FileOperation,20130205:150538,20130205:150540,0,0,0
Excel,20130205:150540,20130205:150541,0,0,0
Excel,20130205:150541,20130205:150546,0,0,0
Email,20130205:150546,20130205:150547,0,0,0
Browser,20130205:150547,20130205:150549,0,0,0
Browser,20130205:150549,20130205:150550,0,0,0
Browser,20130205:150550,20130205:150556,0,0,0
Browser,20130205:150556,20130205:150557,0,0,0
Browser,20130205:150557,20130205:150558,0,0,0
Browser,20130205:150558,20130205:150559,0,0,0
Browser,20130205:150559,20130205:150600,0,0,0
Browser,20130205:150600,20130205:150602,0,0,0
Email,20130205:150602,20130205:150606,0,0,1
Excel,20130205:150606,20130205:150656,0,0,62
Excel,20130205:150656,20130205:150707,0,0,1
Excel,20130205:150707,20130205:150711,0,0,0
Excel,20130205:150711,20130205:150714,0,0,0
Excel,20130205:150714,20130205:150715,0,0,0
Excel,20130205:150715,20130205:150719,0,0,0
Excel,20130205:150719,20130205:150721,0,0,0
Excel,20130205:150721,20130205:150750,0,0,11
Excel,20130205:150750,20130205:150754,0,0,0
Excel,20130205:150754,20130205:150855,0,0,51
Excel,20130205:150855,20130205:150858,0,0,0
Excel,20130205:150858,20130205:150903,0,0,0
Excel,20130205:150903,20130205:150904,0,0,0
Excel,20130205:150904,20130205:150909,0,0,0
FileOperation,20130205:150909,20130205:150911,0,0,0
Excel,20130205:150911,20130205:151006,0,0,1
Excel,20130205:151006,20130205:151013,0,0,0
Excel,20130205:151013,20130205:151015,0,0,0
Excel,20130205:151015,20130205:151016,0,0,0
Excel,20130205:151016,20130205:151017,0,0,0
Excel,20130205:151017,20130205:151020,0,0,0
Excel,20130205:151020,20130205:151021,0,0,1
Excel,20130205:151021,20130205:151028,0,0,0
Excel,20130205:151028,20130205:151029,0,0,0
Excel,20130205:151029,20130205:151032,0,0,2
Testing,20130205:151032,20130205:151124,0,0,0
Excel,20130205:151124,20130205:151128,0,0,0
FileOperation,20130205:151129,20130205:151130,0,0,0
Excel,20130205:151130,20130205:151315,0,0,61
Excel,20130205:151315,20130205:151319,0,0,0
Excel,20130205:151319,20130205:151324,0,0,0
Other,20130205:151324,20130205:151329,0,0,2
Testing,20130205:151329,20130205:151332,0,0,0
FileOperation,20130205:151335,20130205:151344,0,0,4
FileOperation,20130205:151344,20130205:151347,0,0,2
FileOperation,20130205:151347,20130205:151349,0,0,0
FileOperation,20130205:151349,20130205:151352,0,0,0
FileOperation,20130205:151352,20130205:151353,0,0,0
FileOperation,20130205:151354,20130205:151356,0,0,0
FileOperation,20130205:151356,20130205:151357,0,0,0
FileOperation,20130205:151357,20130205:151401,0,0,0
Email,20130205:151401,20130205:151403,0,0,0
Email,20130205:151403,20130205:151410,0,0,8
FileOperation,20130205:151410,20130205:151507,0,0,0
FileOperation,20130205:151507,20130205:151648,0,0,0
Email,20130205:151648,20130205:151652,0,0,1
FileOperation,20130205:151652,20130205:151759,0,0,0
FileOperation,20130205:151759,20130205:151807,0,0,0
FileOperation,20130205:151807,20130205:151808,0,0,0
Excel,20130205:151808,20130205:151809,0,0,0
Excel,20130205:151809,20130205:151925,0,0,6
Email,20130205:151925,20130205:151927,0,0,0
Email,20130205:151927,20130205:151932,0,0,0
Email,20130205:151932,20130205:151937,0,0,3
Email,20130205:151937,20130205:152007,0,0,0
Email,20130205:152007,20130205:152033,0,0,1
Email,20130205:152033,20130205:152037,0,0,8
Email,20130205:152037,20130205:152040,0,0,0
Email,20130205:152040,20130205:152057,0,0,0
Excel,20130205:152057,20130205:152109,0,0,0
Email,20130205:152109,20130205:152113,0,0,0
Email,20130205:152113,20130205:152114,0,0,0
Email,20130205:152114,20130205:152123,0,0,2
Excel,20130205:152123,20130205:152135,0,0,6
Email,20130205:152135,20130205:152138,0,0,4
Excel,20130205:152138,20130205:152144,0,0,5
Email,20130205:152144,20130205:152147,0,0,0
Email,20130205:152147,20130205:152149,0,0,3
Excel,20130205:152149,20130205:152151,0,0,2
Email,20130205:152151,20130205:152158,0,0,0
Email,20130205:152158,20130205:152208,0,0,0
Email,20130205:152208,20130205:152209,0,0,0
Email,20130205:152209,20130205:152222,0,0,2
Excel,20130205:152222,20130205:152228,0,0,8
FileOperation,20130205:152228,20130205:152229,0,0,2
Email,20130205:152229,20130205:152235,0,0,5
Excel,20130205:152235,20130205:152259,0,0,0
Browser,20130205:152259,20130205:152303,0,0,0
Browser,20130205:152303,20130205:152312,0,0,0
Excel,20130205:152312,20130205:152507,0,0,6
Excel,20130205:152507,20130205:152741,0,0,54
Excel,20130205:152741,20130205:152746,0,0,0
Excel,20130205:152746,20130205:152819,0,0,24
Email,20130205:152819,20130205:152821,0,0,0
Email,20130205:152821,20130205:152822,0,0,0
Email,20130205:152822,20130205:152826,0,0,4
Excel,20130205:152826,20130205:152913,0,0,75
Email,20130205:152913,20130205:152914,0,0,2
Excel,20130205:152914,20130205:153007,0,0,78
Excel,20130205:153007,20130205:153208,0,0,77
Testing,20130205:153208,20130205:153225,0,0,2
Excel,20130205:153225,20130205:153344,0,0,132
FileOperation,20130205:153344,20130205:153354,0,0,2
Excel,20130205:153354,20130205:153507,0,0,142
Excel,20130205:153507,20130205:153656,0,0,224
Email,20130205:153656,20130205:153700,0,0,0
Email,20130205:153700,20130205:153704,0,0,0
Email,20130205:153704,20130205:153707,0,0,0
Excel,20130205:153707,20130205:153725,0,0,25
Other,20130205:153725,20130205:153730,0,0,1
Excel,20130205:153730,20130205:153740,0,0,19
Email,20130205:153740,20130205:153742,0,0,0
Email,20130205:153742,20130205:153744,0,0,0
Email,20130205:153744,20130205:153750,0,0,4
Excel,20130205:153750,20130205:153756,0,0,9
Email,20130205:153756,20130205:153824,0,0,0
Excel,20130205:153824,20130205:153833,0,0,30
Email,20130205:153833,20130205:153846,0,0,0
FileOperation,20130205:153846,20130205:153847,0,0,2
Excel,20130205:153847,20130205:153849,0,0,4
Email,20130205:153849,20130205:153902,0,0,2
Excel,20130205:153902,20130205:153915,0,0,19
Email,20130205:153915,20130205:153925,0,0,2
Excel,20130205:153925,20130205:154007,0,0,69
Excel,20130205:154007,20130205:154225,0,0,307
Email,20130205:154225,20130205:154229,0,0,0
Email,20130205:154229,20130205:154317,0,0,6
Excel,20130205:154317,20130205:154507,0,0,31
Excel,20130205:154507,20130205:154647,0,0,92
Browser,20130205:154647,20130205:154651,0,0,1
Browser,20130205:154651,20130205:154702,0,0,34
Browser,20130205:154702,20130205:154711,0,0,0
Browser,20130205:154711,20130205:154719,0,0,0
Browser,20130205:154719,20130205:154725,0,0,0
Browser,20130205:154725,20130205:154736,0,0,0
Browser,20130205:154736,20130205:154738,0,0,0
Browser,20130205:154738,20130205:154740,0,0,0
Browser,20130205:154740,20130205:154802,0,0,0
FileOperation,20130205:154802,20130205:154803,0,0,2
Excel,20130205:154803,20130205:154954,0,0,0
Email,20130205:154955,20130205:155008,0,0,1
Email,20130205:155008,20130205:155019,0,0,3
Excel,20130205:155019,20130205:155508,0,0,472
Excel,20130205:155508,20130205:155802,0,0,337
Email,20130205:155802,20130205:155807,0,0,0
Email,20130205:155807,20130205:155812,0,0,0
Email,20130205:155812,20130205:155818,0,0,4
Excel,20130205:155818,20130205:155821,0,0,4
Email,20130205:155821,20130205:155827,0,0,4
Excel,20130205:155827,20130205:160008,0,0,125
Excel,20130205:160008,20130205:160357,0,0,350
Email,20130205:160357,20130205:160402,0,0,0
Email,20130205:160402,20130205:160403,0,0,0
Email,20130205:160403,20130205:160430,0,0,2
Email,20130205:160430,20130205:160440,0,0,0
Email,20130205:160440,20130205:160502,0,0,0
Email,20130205:160502,20130205:160505,0,0,0
Email,20130205:160505,20130205:160506,0,0,0
Email,20130205:160506,20130205:160508,0,0,0
Email,20130205:160508,20130205:160528,0,0,0
Email,20130205:160528,20130205:160615,0,0,0
Email,20130205:160615,20130205:160621,0,0,2
Email,20130205:160621,20130205:160622,0,0,0
Email,20130205:160622,20130205:160623,0,0,0
Excel,20130205:160623,20130205:160637,0,0,7
Email,20130205:160637,20130205:160638,0,0,0
Email,20130205:160638,20130205:160645,0,0,2
Email,20130205:160645,20130205:160652,0,0,4
Excel,20130205:160652,20130205:160654,0,0,3
Email,20130205:160654,20130205:160658,0,0,5
Excel,20130205:160658,20130205:160701,0,0,7
Email,20130205:160701,20130205:160705,0,0,2
Excel,20130205:160705,20130205:161008,0,0,418
Excel,20130205:161008,20130205:161425,0,0,449
Email,20130205:161425,20130205:161426,0,0,2
Testing,20130205:161426,20130205:161508,0,0,0
Testing,20130205:161508,20130205:161525,0,0,0
Email,20130205:161525,20130205:161527,0,0,0
Email,20130205:161527,20130205:161533,0,0,1
Email,20130205:161533,20130205:161535,0,0,0
Browser,20130205:161535,20130205:161537,0,0,0
Browser,20130205:161537,20130205:161540,0,0,0
Browser,20130205:161540,20130205:161542,0,0,0
Browser,20130205:161542,20130205:161546,0,0,0
Email,20130205:161546,20130205:161553,0,0,2
Browser,20130205:161553,20130205:161555,0,0,0
FileOperation,20130205:161555,20130205:161559,0,0,0
Browser,20130205:161559,20130205:161603,0,0,0
FileOperation,20130205:161603,20130205:161604,0,0,0
FileOperation,20130205:161606,20130205:161629,0,0,2
Testing,20130205:161629,20130205:161653,0,0,0
FileOperation,20130205:161653,20130205:161929,0,0,0
FileOperation,20130205:162504,20130205:162505,0,0,2
Testing,20130205:162505,20130205:162509,0,0,0
Testing,20130205:162509,20130205:162515,0,0,0
FileOperation,20130205:162515,20130205:162516,0,0,0
Email,20130205:162516,20130205:162518,0,0,0
Email,20130205:162518,20130205:162620,0,0,1
FileOperation,20130205:162620,20130205:162623,0,0,0
FileOperation,20130205:162623,20130205:162627,0,0,2
FileOperation,20130205:162627,20130205:162630,0,0,0
Excel,20130205:162630,20130205:162857,0,0,302
Email,20130205:162857,20130205:163009,0,0,0
Email,20130205:163009,20130205:163153,0,0,0
Document,20130205:163600,20130205:163601,0,0,2
Testing,20130205:163601,20130205:163605,0,0,0
Document,20130205:163605,20130205:163900,0,0,0
Email,20130205:164845,20130205:164848,0,0,12
Testing,20130205:164848,20130205:164851,0,0,2
Email,20130205:164851,20130205:164857,0,0,0
Browser,20130205:164857,20130205:164921,0,0,0
Browser,20130205:164921,20130205:164932,0,0,0
Browser,20130205:164932,20130205:164934,0,0,0
Browser,20130205:164934,20130205:164939,0,0,0
Document,20130205:164939,20130205:165009,0,0,0
Document,20130205:165009,20130205:165151,0,0,0
Browser,20130205:165839,20130205:165840,0,0,2
FileOperation,20130205:165840,20130205:165845,0,0,0
FileOperation,20130205:165845,20130205:165847,0,0,0
FileOperation,20130205:165847,20130205:165850,0,0,0
FileOperation,20130205:165850,20130205:165852,0,0,0
Excel,20130205:165852,20130205:165905,0,0,0
Excel,20130205:165905,20130205:165926,0,0,3
Excel,20130205:165943,20130205:165948,0,0,0
FileOperation,20130205:165948,20130205:165951,0,0,0
Browser,20130205:165951,20130205:170001,0,0,0
FileOperation,20130205:170001,20130205:170004,0,0,0
Browser,20130205:170004,20130205:170010,0,0,0
Browser,20130205:170010,20130205:170024,0,0,0
Browser,20130205:170024,20130205:170052,0,0,23
Email,20130205:170052,20130205:170059,0,0,3
Email,20130205:170059,20130205:170104,0,0,0
Browser,20130205:170104,20130205:170232,0,0,24
Browser,20130205:170232,20130205:170235,0,0,0
Browser,20130205:170235,20130205:170312,0,0,1
Testing,20130205:170312,20130205:170315,0,0,0
Browser,20130205:170315,20130205:170317,0,0,0
Email,20130205:170317,20130205:170321,0,0,0
Email,20130205:170321,20130205:170322,0,0,0
Email,20130205:170322,20130205:170448,0,0,105
Email,20130205:170448,20130205:170449,0,0,0
Email,20130205:170449,20130205:170452,0,0,1
Email,20130205:170452,20130205:170510,0,0,0
Email,20130205:170510,20130205:170844,0,0,600
Email,20130205:170844,20130205:170847,0,0,3
Email,20130205:170847,20130205:170911,0,0,2
FileOperation,20130205:170911,20130205:170913,0,0,0
Excel,20130205:170913,20130205:170915,0,0,0
Email,20130205:170915,20130205:171010,0,0,180
Email,20130205:171010,20130205:171140,0,0,200
Email,20130205:171140,20130205:171141,0,0,0
Email,20130205:171141,20130205:171145,0,0,0
Excel,20130205:171145,20130205:171147,0,0,0
Email,20130205:171148,20130205:171220,0,0,3
Email,20130205:171220,20130205:171225,0,0,0
Email,20130205:171225,20130205:171229,0,0,0
Email,20130205:171229,20130205:171232,0,0,0
Email,20130205:171232,20130205:171308,0,0,0
Email,20130205:171308,20130205:171321,0,0,1
Email,20130205:171321,20130205:171323,0,0,0
Email,20130205:171323,20130205:171329,0,0,1
Email,20130205:171329,20130205:171337,0,0,0
Email,20130205:171337,20130205:171349,0,0,0
Email,20130205:171349,20130205:171352,0,0,4
Email,20130205:171352,20130205:171353,0,0,9
Email,20130205:171353,20130205:171354,0,0,10
Email,20130205:171354,20130205:171355,0,0,7
Email,20130205:171355,20130205:171356,0,0,5
Email,20130205:171356,20130205:171510,0,0,46
Email,20130205:171510,20130205:171703,0,0,0
Email,20130205:171723,20130205:171726,0,0,5
Email,20130205:171726,20130205:171729,0,0,0
Email,20130205:171729,20130205:171733,0,0,5
Email,20130205:171733,20130205:171734,0,0,0
Email,20130205:171734,20130205:171736,0,0,0
Email,20130205:171736,20130205:171740,0,0,0
Email,20130205:171740,20130205:171743,0,0,0
Email,20130205:171743,20130205:171803,0,0,134
Email,20130205:171803,20130205:171809,0,0,2
Email,20130205:171809,20130205:172010,0,0,274
Email,20130205:172010,20130205:172237,0,0,0
FileOperation,20130205:172716,20130205:172717,0,0,2
Email,20130205:172717,20130205:172719,0,0,0
Email,20130205:172719,20130205:172720,0,0,0
Email,20130205:172720,20130205:172722,0,0,0
Browser,20130205:172723,20130205:172725,0,0,0
Email,20130205:172725,20130205:172730,0,0,3
Testing,20130205:172730,20130205:172901,0,0,0
Email,20130205:172901,20130205:173011,0,0,145
Email,20130205:173011,20130205:173104,0,0,128
Testing,20130205:173104,20130205:173246,0,0,6
Other,20130205:173246,20130205:173247,0,0,0
Testing,20130205:173247,20130205:173304,0,0,0
Email,20130205:173304,20130205:173312,0,0,2
Testing,20130205:173312,20130205:173315,0,0,0
Email,20130205:173315,20130205:173511,0,0,193
Email,20130205:173511,20130205:173737,0,0,318
FileOperation,20130205:173738,20130205:173739,0,0,2
FileOperation,20130205:173739,20130205:173740,0,0,0
Email,20130205:173740,20130205:174011,0,0,346
Email,20130205:174011,20130205:174511,0,0,719
Email,20130205:174511,20130205:174551,0,0,101
Email,20130205:174551,20130205:174600,0,0,0
Email,20130205:174600,20130205:174603,0,0,1
Testing,20130205:174603,20130205:174810,0,0,11
Excel,20130205:174810,20130205:174850,0,0,3
Testing,20130205:174850,20130205:174901,0,0,2
Excel,20130205:174901,20130205:175011,0,0,159
Excel,20130205:175011,20130205:175207,0,0,255
Testing,20130205:175207,20130205:175210,0,0,2
Excel,20130205:175210,20130205:175436,0,0,166
Testing,20130205:175436,20130205:175511,0,0,7
Testing,20130205:175511,20130205:175516,0,0,0
Excel,20130205:175516,20130205:175519,0,0,0
Email,20130205:175519,20130205:175522,0,0,0
Email,20130205:175522,20130205:175528,0,0,0
Email,20130205:175528,20130205:175538,0,0,8
Email,20130205:175538,20130205:175540,0,0,3
FileOperation,20130205:175540,20130205:175545,0,0,0
Email,20130205:175545,20130205:175553,0,0,0
Email,20130205:175553,20130205:175555,0,0,0
Email,20130205:175555,20130205:175556,0,0,0
Excel,20130205:175556,20130205:180011,0,0,411
Excel,20130205:180011,20130205:180117,0,0,79
Testing,20130205:180117,20130205:180430,0,0,3
Excel,20130205:180430,20130205:180512,0,0,112
Excel,20130205:180512,20130205:180643,0,0,149
Excel,20130205:180643,20130205:180658,0,0,27
Excel,20130205:180658,20130205:180700,0,0,0
Excel,20130205:180700,20130205:180729,0,0,29
Testing,20130205:180729,20130205:180741,0,0,0
Excel,20130205:180741,20130205:181012,0,0,335
Excel,20130205:181012,20130205:181512,0,0,559
Excel,20130205:181512,20130205:181853,0,0,87
Email,20130205:181853,20130205:181900,0,0,7
Excel,20130205:181900,20130205:182012,0,0,96
Excel,20130205:182012,20130205:182224,0,0,288
FileOperation,20130205:182224,20130205:182226,0,0,0
Other,20130205:182226,20130205:182325,0,0,30
Excel,20130205:182325,20130205:182512,0,0,194
Excel,20130205:182512,20130205:183012,0,0,637
Excel,20130205:183012,20130205:183104,0,0,39
Other,20130205:183104,20130205:183106,0,0,0
Email,20130205:183106,20130205:183109,0,0,0
FileOperation,20130205:183109,20130205:183110,0,0,0
FileOperation,20130205:183111,20130205:183114,0,0,2
Testing,20130205:183114,20130205:183144,0,0,0
Email,20130205:183144,20130205:183149,0,0,2
FileOperation,20130205:183149,20130205:183152,0,0,1
Testing,20130205:183152,20130205:183154,0,0,1
Browser,20130205:183154,20130205:183158,0,0,0
Browser,20130205:183158,20130205:183203,0,0,7
Browser,20130205:183203,20130205:183206,0,0,0
Browser,20130205:183206,20130205:183230,0,0,16
Browser,20130205:183230,20130205:183234,0,0,0
FileOperation,20130205:183234,20130205:183243,0,0,0
FileOperation,20130205:183243,20130205:183259,0,0,0
FileOperation,20130205:183259,20130205:183304,0,0,0
Other,20130205:183304,20130205:183306,0,0,0
FileOperation,20130205:183306,20130205:183310,0,0,0
FileOperation,20130205:183310,20130205:183316,0,0,0
FileOperation,20130205:183316,20130205:183317,0,0,0
FileOperation,20130205:183317,20130205:183359,0,0,0
Other,20130205:183359,20130205:183512,0,0,0
Other,20130206:094857,20130206:094912,1,0,0
Browser,20130206:094930,20130206:094937,0,0,0
Browser,20130206:094937,20130206:094940,0,0,0
Browser,20130206:094940,20130206:094944,0,0,0
Browser,20130206:094944,20130206:094950,0,0,7
Browser,20130206:094950,20130206:094953,0,0,0
Browser,20130206:094953,20130206:095022,0,0,53
Browser,20130206:095022,20130206:095029,0,0,0
Browser,20130206:095029,20130206:095035,0,0,10
Browser,20130206:095035,20130206:095036,0,0,0
Browser,20130206:095036,20130206:095039,0,0,0
Email,20130206:095049,20130206:095050,0,0,0
Email,20130206:095050,20130206:095118,0,0,5
Email,20130206:095118,20130206:095500,0,0,3
Other,20130206:100148,20130206:100154,0,0,0
Other,20130206:100158,20130206:100210,0,0,0
FileOperation,20130206:100212,20130206:100215,0,0,0
FileOperation,20130206:100215,20130206:100216,0,0,0
FileOperation,20130206:100216,20130206:100234,0,0,0
FileOperation,20130206:100234,20130206:100235,0,0,0
FileOperation,20130206:100235,20130206:100250,0,0,0
Email,20130206:100403,20130206:100408,0,0,0
Email,20130206:100408,20130206:100409,0,0,0
Email,20130206:100409,20130206:100551,0,0,208
Email,20130206:100551,20130206:100552,0,0,0
Email,20130206:100552,20130206:100554,0,0,0
Email,20130206:100554,20130206:100647,0,0,9
Email,20130206:100647,20130206:100652,0,0,7
FileOperation,20130206:100652,20130206:100701,0,0,0
FileOperation,20130206:100701,20130206:100703,0,0,0
FileOperation,20130206:100703,20130206:100705,0,0,0
FileOperation,20130206:100705,20130206:100708,0,0,0
Excel,20130206:100708,20130206:100714,0,0,0
Excel,20130206:100714,20130206:101000,0,0,16
Excel,20130206:101000,20130206:101241,0,0,0
Email,20130206:101402,20130206:101412,0,0,13
Email,20130206:101412,20130206:101413,0,0,6
Email,20130206:101413,20130206:101414,0,0,4
Email,20130206:101414,20130206:101419,0,0,2
Email,20130206:101419,20130206:101423,0,0,3
Email,20130206:101423,20130206:101424,0,0,5
Email,20130206:101424,20130206:101425,0,0,6
Email,20130206:101425,20130206:101426,0,0,3
Email,20130206:101426,20130206:101500,0,0,130
Email,20130206:101500,20130206:101654,0,0,470
Email,20130206:101654,20130206:101655,0,0,9
Email,20130206:101655,20130206:101656,0,0,5
Email,20130206:101656,20130206:101658,0,0,2
Email,20130206:101658,20130206:101659,0,0,5
Email,20130206:101659,20130206:101700,0,0,3
Email,20130206:101700,20130206:101724,0,0,0
Email,20130206:101724,20130206:101725,0,0,0
Email,20130206:101725,20130206:101727,0,0,0
Excel,20130206:101727,20130206:102000,0,0,35
Excel,20130206:102000,20130206:102107,0,0,21
Excel,20130206:102107,20130206:102112,0,0,0
Excel,20130206:102112,20130206:102500,0,0,247
Excel,20130206:102500,20130206:103000,0,0,236
Excel,20130206:103000,20130206:103329,0,0,1
Excel,20130206:103450,20130206:103500,0,0,4
Excel,20130206:103500,20130206:103753,0,0,0
Excel,20130206:103941,20130206:104000,0,0,3
Excel,20130206:104000,20130206:104501,0,0,35
Excel,20130206:104501,20130206:104619,0,0,0
Excel,20130206:104642,20130206:104946,0,0,6
Excel,20130206:105130,20130206:105501,0,0,8
Excel,20130206:105501,20130206:105822,0,0,2
Email,20130206:105822,20130206:105827,0,0,1
Email,20130206:105827,20130206:105843,0,0,5
Email,20130206:105843,20130206:105913,0,0,0
Excel,20130206:105913,20130206:105931,0,0,0
Email,20130206:105931,20130206:110001,0,0,0
Email,20130206:110001,20130206:110026,0,0,0
Excel,20130206:110026,20130206:110129,0,0,0
Excel,20130206:110352,20130206:110501,0,0,8
Excel,20130206:110501,20130206:110810,0,0,129
Excel,20130206:110810,20130206:110814,0,0,0
Excel,20130206:110814,20130206:111001,0,0,29
Excel,20130206:111001,20130206:111206,0,0,21
Email,20130206:111206,20130206:111436,0,0,0
Email,20130206:111436,20130206:111445,0,0,1
Email,20130206:111445,20130206:111447,0,0,0
FileOperation,20130206:111447,20130206:111455,0,0,0
Excel,20130206:111455,20130206:111502,0,0,0
Excel,20130206:111502,20130206:111503,0,0,0
Excel,20130206:111503,20130206:111615,0,0,119
Email,20130206:111616,20130206:111619,0,0,0
Email,20130206:111619,20130206:111623,0,0,0
Excel,20130206:111623,20130206:111636,0,0,2
Email,20130206:111636,20130206:111653,0,0,2
Excel,20130206:111653,20130206:111659,0,0,2
Email,20130206:111659,20130206:111700,0,0,6
Excel,20130206:111700,20130206:111708,0,0,9
Email,20130206:111708,20130206:111729,0,0,3
Excel,20130206:111729,20130206:111742,0,0,15
Email,20130206:111742,20130206:111754,0,0,2
Excel,20130206:111754,20130206:111802,0,0,2
Email,20130206:111802,20130206:111809,0,0,2
Excel,20130206:111809,20130206:111811,0,0,2
Email,20130206:111811,20130206:111823,0,0,2
Excel,20130206:111823,20130206:111942,0,0,98
Email,20130206:111942,20130206:111944,0,0,0
FileOperation,20130206:111944,20130206:111951,0,0,0
Excel,20130206:111951,20130206:111956,0,0,0
Excel,20130206:111956,20130206:112002,0,0,0
Excel,20130206:112002,20130206:112003,0,0,0
FileOperation,20130206:112003,20130206:112005,0,0,0
Email,20130206:112005,20130206:112010,0,0,0
Email,20130206:112010,20130206:112012,0,0,0
Email,20130206:112012,20130206:112017,0,0,0
Browser,20130206:112017,20130206:112024,0,0,0
Browser,20130206:112024,20130206:112028,0,0,10
Browser,20130206:112028,20130206:112032,0,0,0
Browser,20130206:112032,20130206:112036,0,0,0
Browser,20130206:112036,20130206:112045,0,0,0
FileOperation,20130206:112045,20130206:112046,0,0,0
Testing,20130206:112046,20130206:112048,0,0,0
Testing,20130206:112048,20130206:112119,0,0,0
Testing,20130206:112119,20130206:112239,0,0,12
Testing,20130206:112239,20130206:112326,0,0,1
Testing,20130206:112326,20130206:112502,0,0,8
Testing,20130206:112502,20130206:112811,0,0,2
Testing,20130206:113207,20130206:113502,0,0,0
Testing,20130206:113502,20130206:113506,0,0,0
Testing,20130206:113701,20130206:114002,0,0,8
Testing,20130206:114002,20130206:114318,0,0,2
Email,20130206:114319,20130206:114321,0,0,0
Email,20130206:114321,20130206:114326,0,0,5
Testing,20130206:114326,20130206:114342,0,0,0
FileOperation,20130206:114343,20130206:114344,0,0,0
FileOperation,20130206:114344,20130206:114346,0,0,0
FileOperation,20130206:114346,20130206:114347,0,0,0
FileOperation,20130206:114347,20130206:114349,0,0,0
FileOperation,20130206:114349,20130206:114350,0,0,0
FileOperation,20130206:114350,20130206:114351,0,0,0
FileOperation,20130206:114351,20130206:114352,0,0,0
FileOperation,20130206:114352,20130206:114357,0,0,0
FileOperation,20130206:114357,20130206:114400,0,0,0
FileOperation,20130206:114400,20130206:114402,0,0,0
FileOperation,20130206:114402,20130206:114412,0,0,0
Other,20130206:114412,20130206:114416,0,0,0
FileOperation,20130206:114416,20130206:114418,0,0,0
FileOperation,20130206:114418,20130206:114428,0,0,0
FileOperation,20130206:114428,20130206:114430,0,0,0
FileOperation,20130206:114430,20130206:114432,0,0,0
FileOperation,20130206:114432,20130206:114434,0,0,0
Other,20130206:114434,20130206:114444,0,0,4
Other,20130206:114444,20130206:114445,0,0,0
Other,20130206:114445,20130206:114457,0,0,0
Other,20130206:114457,20130206:114501,0,0,1
FileOperation,20130206:114501,20130206:114502,0,0,1
FileOperation,20130206:114502,20130206:114509,0,0,11
FileOperation,20130206:114509,20130206:114510,0,0,1
FileOperation,20130206:114510,20130206:114513,0,0,0
Testing,20130206:114513,20130206:114520,0,0,12
FileOperation,20130206:114520,20130206:114521,0,0,0
FileOperation,20130206:114521,20130206:114523,0,0,8
FileOperation,20130206:114523,20130206:114524,0,0,0
Other,20130206:114524,20130206:114536,0,0,0
Other,20130206:114536,20130206:114541,0,0,17
Other,20130206:114541,20130206:114547,0,0,6
Other,20130206:114547,20130206:114548,0,0,3
Other,20130206:114548,20130206:114553,0,0,2
FileOperation,20130206:114553,20130206:114555,0,0,0
FileOperation,20130206:114555,20130206:114556,0,0,0
Testing,20130206:114556,20130206:114601,0,0,2
Testing,20130206:114601,20130206:114902,0,0,0
Email,20130206:115350,20130206:115351,0,0,1
Testing,20130206:115351,20130206:115404,0,0,0
FileOperation,20130206:115405,20130206:115406,0,0,0
FileOperation,20130206:115406,20130206:115418,0,0,2
Testing,20130206:115418,20130206:115503,0,0,0
Testing,20130206:115503,20130206:115520,0,0,0
Browser,20130206:115520,20130206:115608,0,0,0
Browser,20130206:115608,20130206:115630,0,0,0
Browser,20130206:115630,20130206:115639,0,0,0
Browser,20130206:115639,20130206:115719,0,0,0
Browser,20130206:115959,20130206:120000,0,0,2
Testing,20130206:120000,20130206:120003,0,0,0
Testing,20130206:120003,20130206:120112,0,0,0
Browser,20130206:120112,20130206:120229,0,0,1
Testing,20130206:120229,20130206:120415,0,0,0
Browser,20130206:120415,20130206:120503,0,0,0
Browser,20130206:120503,20130206:120528,0,0,0
Browser,20130206:120615,20130206:120616,0,0,1
Testing,20130206:120616,20130206:120622,0,0,1
Browser,20130206:120622,20130206:120917,0,0,0
Email,20130206:121051,20130206:121054,0,0,3
Email,20130206:121054,20130206:121352,0,0,0
Other,20130206:121506,20130206:121507,0,0,2
Testing,20130206:121507,20130206:121724,0,0,0
FileOperation,20130206:121724,20130206:121726,0,0,0
FileOperation,20130206:121726,20130206:121728,0,0,0
Email,20130206:121728,20130206:121730,0,0,0
FileOperation,20130206:121730,20130206:121734,0,0,2
Testing,20130206:121734,20130206:121736,0,0,0
Browser,20130206:121736,20130206:122003,0,0,0
Browser,20130206:122003,20130206:122034,0,0,0
Browser,20130206:122128,20130206:122129,0,0,2
Testing,20130206:122129,20130206:122134,0,0,0
Browser,20130206:122134,20130206:122428,0,0,0
Browser,20130206:122849,20130206:122850,0,0,1
Testing,20130206:122850,20130206:123004,0,0,0
Testing,20130206:123004,20130206:123120,0,0,0
Other,20130206:123120,20130206:123125,0,0,0
Testing,20130206:123125,20130206:123126,0,0,0
Other,20130206:123126,20130206:123138,0,0,0
FileOperation,20130206:123138,20130206:123141,0,0,2
Testing,20130206:123141,20130206:123156,0,0,0
Other,20130206:123156,20130206:123442,0,0,0
Other,20130206:133637,20130206:133638,0,0,2
Testing,20130206:133638,20130206:133845,0,0,5
Email,20130206:133852,20130206:133853,0,0,0
Email,20130206:133853,20130206:133907,0,0,0
Email,20130206:133907,20130206:133918,0,0,3
Email,20130206:133918,20130206:133929,0,0,1
Testing,20130206:133929,20130206:133948,0,0,0
Browser,20130206:133948,20130206:133954,0,0,0
Browser,20130206:133954,20130206:134005,0,0,0
Email,20130206:134005,20130206:134006,0,0,0
Email,20130206:134006,20130206:134014,0,0,4
Email,20130206:134014,20130206:134021,0,0,5
Browser,20130206:134021,20130206:134029,0,0,2
Testing,20130206:134029,20130206:134245,0,0,2
Browser,20130206:134245,20130206:134311,0,0,46
Browser,20130206:134311,20130206:134455,0,0,2
Browser,20130206:134455,20130206:134506,0,0,0
Browser,20130206:134506,20130206:134543,0,0,0
Browser,20130206:134543,20130206:134754,0,0,0
Browser,20130206:135108,20130206:135109,0,0,1
Testing,20130206:135109,20130206:135126,0,0,0
Browser,20130206:135126,20130206:135146,0,0,0
Browser,20130206:135146,20130206:135147,0,0,0
Browser,20130206:135147,20130206:135202,0,0,24
Browser,20130206:135202,20130206:135244,0,0,0
Browser,20130206:135244,20130206:135501,0,0,0
Browser,20130206:140636,20130206:140637,0,0,2
Testing,20130206:140637,20130206:140639,0,0,0
Email,20130206:140639,20130206:140644,0,0,2
Email,20130206:140644,20130206:140752,0,0,0
Email,20130206:140752,20130206:140804,0,0,0
Browser,20130206:140804,20130206:140805,0,0,0
Browser,20130206:140805,20130206:140808,0,0,0
Browser,20130206:140808,20130206:140812,0,0,0
Browser,20130206:140812,20130206:140813,0,0,0
Browser,20130206:140813,20130206:140820,0,0,0
Browser,20130206:140820,20130206:140822,0,0,0
Browser,20130206:140822,20130206:140851,0,0,0
Email,20130206:140851,20130206:140919,0,0,0
Email,20130206:140919,20130206:140927,0,0,0
Email,20130206:140927,20130206:140937,0,0,0
Email,20130206:140937,20130206:140941,0,0,0
Email,20130206:140941,20130206:140942,0,0,0
Browser,20130206:141139,20130206:141147,0,0,17
Browser,20130206:141147,20130206:141308,0,0,0
Browser,20130206:141308,20130206:141320,0,0,0
Browser,20130206:141320,20130206:141431,0,0,0
Email,20130206:141431,20130206:141432,0,0,0
Email,20130206:141432,20130206:141438,0,0,5
Testing,20130206:141438,20130206:141440,0,0,0
Browser,20130206:141440,20130206:141507,0,0,0
Browser,20130206:141507,20130206:141617,0,0,50
Browser,20130206:141617,20130206:141618,0,0,1
Browser,20130206:141618,20130206:141626,0,0,0
Browser,20130206:141626,20130206:141917,0,0,0
Browser,20130206:142222,20130206:142231,0,0,11
Browser,20130206:142231,20130206:142246,0,0,0
Browser,20130206:142246,20130206:142247,0,0,0
Browser,20130206:142247,20130206:142507,0,0,0
Browser,20130206:142507,20130206:142530,0,0,0
Browser,20130206:143744,20130206:143745,0,0,2
Testing,20130206:143745,20130206:144007,0,0,32
Testing,20130206:144007,20130206:144253,0,0,0
Testing,20130206:144527,20130206:144533,0,0,1
Other,20130206:144533,20130206:144534,0,0,0
FileOperation,20130206:144534,20130206:144536,0,0,0
Email,20130206:144536,20130206:144547,0,0,8
Email,20130206:144547,20130206:144601,0,0,1
Browser,20130206:144601,20130206:144603,0,0,0
Browser,20130206:144603,20130206:144604,0,0,0
Browser,20130206:144604,20130206:144605,0,0,0
Browser,20130206:144605,20130206:144616,0,0,32
Browser,20130206:144616,20130206:144721,0,0,0
Browser,20130206:144721,20130206:144722,0,0,1
Email,20130206:144722,20130206:144726,0,0,0
Browser,20130206:144726,20130206:144727,0,0,2
Testing,20130206:144727,20130206:145008,0,0,4
Testing,20130206:145008,20130206:145352,0,0,9
FileOperation,20130206:145352,20130206:145355,0,0,0
FileOperation,20130206:145355,20130206:145356,0,0,3
Testing,20130206:145356,20130206:145359,0,0,2
FileOperation,20130206:145359,20130206:145402,0,0,3
Testing,20130206:145402,20130206:145421,0,0,21
FileOperation,20130206:145421,20130206:145425,0,0,5
Testing,20130206:145425,20130206:145453,0,0,6
FileOperation,20130206:145453,20130206:145456,0,0,0
FileOperation,20130206:145456,20130206:145458,0,0,0
FileOperation,20130206:145458,20130206:145503,0,0,0
FileOperation,20130206:145503,20130206:145506,0,0,4
FileOperation,20130206:145506,20130206:145508,0,0,2
FileOperation,20130206:145508,20130206:145513,0,0,11
Testing,20130206:145513,20130206:145522,0,0,2
FileOperation,20130206:145522,20130206:145529,0,0,0
FileOperation,20130206:145529,20130206:145531,0,0,2
FileOperation,20130206:145531,20130206:145537,0,0,0
Browser,20130206:145537,20130206:145808,0,0,0
Browser,20130206:145808,20130206:145831,0,0,0
FileOperation,20130206:145851,20130206:145852,0,0,1
Testing,20130206:145852,20130206:150008,0,0,1
Testing,20130206:150008,20130206:150335,0,0,5
Browser,20130206:150335,20130206:150434,0,0,1
Testing,20130206:150434,20130206:150508,0,0,8
Testing,20130206:150508,20130206:150509,0,0,0
Browser,20130206:150509,20130206:150747,0,0,2
Testing,20130206:150747,20130206:150752,0,0,0
Browser,20130206:150752,20130206:151008,0,0,0
Browser,20130206:151008,20130206:151047,0,0,0
Browser,20130206:151122,20130206:151123,0,0,2
Testing,20130206:151123,20130206:151412,0,0,0
Browser,20130206:151412,20130206:151418,0,0,2
Testing,20130206:151418,20130206:151508,0,0,0
Testing,20130206:151508,20130206:151646,0,0,0
Browser,20130206:151646,20130206:151704,0,0,2
Testing,20130206:151704,20130206:151721,0,0,0
Browser,20130206:151721,20130206:151735,0,0,2
Testing,20130206:151735,20130206:151826,0,0,0
Browser,20130206:151826,20130206:152009,0,0,0
Browser,20130206:152009,20130206:152034,0,0,0
Browser,20130206:152738,20130206:152749,0,0,27
Browser,20130206:152749,20130206:152829,0,0,2
Testing,20130206:152829,20130206:152859,0,0,0
Browser,20130206:152859,20130206:152903,0,0,0
Browser,20130206:152903,20130206:152925,0,0,37
Browser,20130206:152925,20130206:152931,0,0,0
Browser,20130206:152931,20130206:152951,0,0,0
Browser,20130206:152951,20130206:153009,0,0,0
Browser,20130206:153009,20130206:153224,0,0,0
Browser,20130206:153227,20130206:153228,0,0,2
Testing,20130206:153228,20130206:153239,0,0,0
Browser,20130206:153239,20130206:153346,0,0,0
Browser,20130206:153346,20130206:153509,0,0,0
Browser,20130206:153509,20130206:153528,0,0,0
Browser,20130206:153708,20130206:153715,0,0,19
Browser,20130206:153715,20130206:153718,0,0,3
Browser,20130206:153718,20130206:153719,0,0,3
Browser,20130206:153719,20130206:153720,0,0,2
Browser,20130206:153720,20130206:153729,0,0,0
Browser,20130206:153729,20130206:153856,0,0,0
Browser,20130206:153856,20130206:153857,0,0,0
Browser,20130206:153857,20130206:153906,0,0,0
Browser,20130206:153906,20130206:154009,0,0,0
Browser,20130206:154009,20130206:154019,0,0,0
Browser,20130206:154208,20130206:154209,0,0,2
Testing,20130206:154209,20130206:154327,0,0,0
Browser,20130206:154327,20130206:154331,0,0,0
Browser,20130206:154331,20130206:154332,0,0,0
Browser,20130206:154332,20130206:154333,0,0,2
Testing,20130206:154333,20130206:154341,0,0,8
FileOperation,20130206:154341,20130206:154342,0,0,2
Browser,20130206:154342,20130206:154354,0,0,2
Testing,20130206:154354,20130206:154425,0,0,0
Browser,20130206:154425,20130206:154430,0,0,2
Testing,20130206:154430,20130206:154509,0,0,0
Testing,20130206:154509,20130206:154730,0,0,0
Browser,20130206:154829,20130206:154830,0,0,2
Testing,20130206:154830,20130206:155010,0,0,0
Testing,20130206:155010,20130206:155131,0,0,0
Testing,20130206:155612,20130206:155859,0,0,13
Browser,20130206:155859,20130206:155900,0,0,0
Browser,20130206:155900,20130206:155903,0,0,0
Browser,20130206:155903,20130206:155928,0,0,2
Testing,20130206:155928,20130206:160010,0,0,0
Testing,20130206:160010,20130206:160159,0,0,0
Email,20130206:160159,20130206:160200,0,0,0
Email,20130206:160200,20130206:160206,0,0,1
Email,20130206:160206,20130206:160214,0,0,1
Email,20130206:160214,20130206:160226,0,0,18
Email,20130206:160226,20130206:160228,0,0,5
Email,20130206:160228,20130206:160229,0,0,3
Email,20130206:160229,20130206:160230,0,0,3
Email,20130206:160230,20130206:160231,0,0,3
Email,20130206:160231,20130206:160232,0,0,4
Email,20130206:160232,20130206:160233,0,0,5
Email,20130206:160233,20130206:160235,0,0,3
Email,20130206:160235,20130206:160236,0,0,6
Email,20130206:160236,20130206:160237,0,0,6
Email,20130206:160237,20130206:160238,0,0,5
Email,20130206:160238,20130206:160240,0,0,3
Email,20130206:160240,20130206:160241,0,0,7
Email,20130206:160241,20130206:160418,0,0,317
Email,20130206:160418,20130206:160422,0,0,1
Email,20130206:160422,20130206:160454,0,0,0
Email,20130206:160454,20130206:160458,0,0,1
Email,20130206:160458,20130206:160510,0,0,0
Email,20130206:160510,20130206:160530,0,0,2
FileOperation,20130206:160530,20130206:160533,0,0,3
FileOperation,20130206:160533,20130206:160538,0,0,0
Excel,20130206:160538,20130206:160541,0,0,0
Excel,20130206:160541,20130206:160605,0,0,4
Testing,20130206:160605,20130206:160656,0,0,17
FileOperation,20130206:160656,20130206:160657,0,0,0
FileOperation,20130206:160657,20130206:160703,0,0,0
Excel,20130206:160703,20130206:160705,0,0,2
FileOperation,20130206:160705,20130206:160716,0,0,2
Excel,20130206:160716,20130206:160728,0,0,2
FileOperation,20130206:160728,20130206:160734,0,0,2
Testing,20130206:160734,20130206:160757,0,0,0
Excel,20130206:160757,20130206:160803,0,0,3
Excel,20130206:160803,20130206:160804,0,0,1
Excel,20130206:160804,20130206:160806,0,0,2
Excel,20130206:160806,20130206:160808,0,0,2
Excel,20130206:160808,20130206:160819,0,0,7
Excel,20130206:160819,20130206:160821,0,0,2
Excel,20130206:160821,20130206:160824,0,0,1
Testing,20130206:160824,20130206:160827,0,0,0
FileOperation,20130206:160827,20130206:160828,0,0,2
FileOperation,20130206:160828,20130206:160829,0,0,0
FileOperation,20130206:160829,20130206:160831,0,0,2
FileOperation,20130206:160831,20130206:160832,0,0,0
FileOperation,20130206:160832,20130206:160833,0,0,2
FileOperation,20130206:160833,20130206:160834,0,0,0
Email,20130206:160834,20130206:160837,0,0,0
Email,20130206:160838,20130206:160852,0,0,0
Email,20130206:160852,20130206:160958,0,0,210
Email,20130206:160958,20130206:160959,0,0,0
Email,20130206:160959,20130206:161002,0,0,0
Email,20130206:161002,20130206:161007,0,0,1
Email,20130206:161007,20130206:161010,0,0,4
Email,20130206:161010,20130206:161210,0,0,283
Email,20130206:161210,20130206:161211,0,0,0
Email,20130206:161211,20130206:161213,0,0,2
Testing,20130206:161213,20130206:161336,0,0,0
Browser,20130206:161336,20130206:161340,0,0,2
Testing,20130206:161340,20130206:161510,0,0,0
Testing,20130206:161510,20130206:161541,0,0,0
Email,20130206:161541,20130206:161559,0,0,5
Testing,20130206:161559,20130206:162000,0,0,26
Email,20130206:162000,20130206:162004,0,0,2
Testing,20130206:162004,20130206:162005,0,0,0
Browser,20130206:162005,20130206:162007,0,0,0
Browser,20130206:162007,20130206:162010,0,0,0
Browser,20130206:162010,20130206:162246,0,0,2
Testing,20130206:162246,20130206:162440,0,0,1
Browser,20130206:162440,20130206:162506,0,0,2
Testing,20130206:162506,20130206:162511,0,0,0
Testing,20130206:162511,20130206:162513,0,0,0
Email,20130206:162513,20130206:162517,0,0,1
Browser,20130206:162517,20130206:162659,0,0,2
Testing,20130206:162659,20130206:163000,0,0,0
Testing,20130206:163024,20130206:163431,0,0,13
Browser,20130206:163431,20130206:163432,0,0,0
Browser,20130206:163432,20130206:163433,0,0,0
Browser,20130206:163433,20130206:163450,0,0,0
Browser,20130206:163450,20130206:163453,0,0,2
Testing,20130206:163453,20130206:163511,0,0,0
Testing,20130206:163511,20130206:163515,0,0,0
Browser,20130206:163515,20130206:163651,0,0,2
Testing,20130206:163651,20130206:163824,0,0,1
Browser,20130206:163824,20130206:163829,0,0,0
Browser,20130206:163829,20130206:163836,0,0,19
Browser,20130206:163836,20130206:163837,0,0,0
Browser,20130206:163837,20130206:163844,0,0,0
Browser,20130206:163844,20130206:163849,0,0,0
Browser,20130206:163849,20130206:163851,0,0,0
Browser,20130206:163851,20130206:163902,0,0,0
Browser,20130206:163902,20130206:163903,0,0,0
Browser,20130206:163903,20130206:163906,0,0,0
Browser,20130206:163906,20130206:163914,0,0,2
Testing,20130206:163914,20130206:164011,0,0,0
Testing,20130206:164011,20130206:164023,0,0,0
Browser,20130206:164023,20130206:164028,0,0,0
Browser,20130206:164028,20130206:164215,0,0,0
Browser,20130206:164318,20130206:164319,0,0,2
Testing,20130206:164319,20130206:164328,0,0,0
Email,20130206:164328,20130206:164335,0,0,6
Email,20130206:164335,20130206:164511,0,0,1
Email,20130206:164511,20130206:164638,0,0,0
Email,20130206:164731,20130206:164732,0,0,2
Testing,20130206:164732,20130206:164739,0,0,0
Email,20130206:164739,20130206:164805,0,0,2
Testing,20130206:164805,20130206:165011,0,0,0
Testing,20130206:165011,20130206:165034,0,0,0
Browser,20130206:165034,20130206:165049,0,0,2
Testing,20130206:165049,20130206:165050,0,0,0
Browser,20130206:165050,20130206:165349,0,0,0
Browser,20130206:165602,20130206:165603,0,0,2
Testing,20130206:165603,20130206:165910,0,0,8
Testing,20130206:165910,20130206:165911,0,0,0
Browser,20130206:165911,20130206:165913,0,0,0
Email,20130206:165913,20130206:165921,0,0,1
Email,20130206:165921,20130206:165938,0,0,0
Email,20130206:165938,20130206:170012,0,0,132
Email,20130206:170012,20130206:170159,0,0,310
Email,20130206:170159,20130206:170200,0,0,0
Email,20130206:170200,20130206:170202,0,0,0
Email,20130206:170202,20130206:170253,0,0,0
FileOperation,20130206:170253,20130206:170256,0,0,0
FileOperation,20130206:170256,20130206:170258,0,0,0
FileOperation,20130206:170258,20130206:170300,0,0,0
FileOperation,20130206:170300,20130206:170304,0,0,0
Excel,20130206:170304,20130206:170306,0,0,0
Excel,20130206:170306,20130206:170312,0,0,3
Excel,20130206:170312,20130206:170314,0,0,2
Excel,20130206:170314,20130206:170424,0,0,142
Email,20130206:170424,20130206:170429,0,0,0
FileOperation,20130206:170429,20130206:170432,0,0,0
Excel,20130206:170432,20130206:170435,0,0,0
Excel,20130206:170435,20130206:170440,0,0,0
Excel,20130206:170440,20130206:170443,0,0,0
Email,20130206:170443,20130206:170446,0,0,0
Email,20130206:170446,20130206:170448,0,0,0
Email,20130206:170448,20130206:170455,0,0,0
Email,20130206:170455,20130206:170457,0,0,0
Email,20130206:170457,20130206:170500,0,0,0
Email,20130206:170500,20130206:170502,0,0,0
Word&Powerpoint,20130206:170502,20130206:170503,0,0,0
Word&Powerpoint,20130206:170503,20130206:170505,0,0,0
Excel,20130206:170505,20130206:170512,0,0,16
Excel,20130206:170512,20130206:170525,0,0,15
Word&Powerpoint,20130206:170525,20130206:170527,0,0,0
Email,20130206:170527,20130206:170529,0,0,0
FileOperation,20130206:170529,20130206:170530,0,0,0
Email,20130206:170530,20130206:170532,0,0,0
Email,20130206:170532,20130206:170821,0,0,0
Email,20130206:171259,20130206:171346,0,0,1
Email,20130206:171346,20130206:171354,0,0,1
Email,20130206:171354,20130206:171427,0,0,1
Browser,20130206:171427,20130206:171441,0,0,0
Browser,20130206:171441,20130206:171451,0,0,23
Browser,20130206:171451,20130206:171503,0,0,2
Browser,20130206:171503,20130206:171512,0,0,0
Browser,20130206:171512,20130206:171517,0,0,18
Browser,20130206:171517,20130206:171547,0,0,16
Browser,20130206:171547,20130206:171604,0,0,20
Browser,20130206:171604,20130206:171606,0,0,4
Browser,20130206:171606,20130206:171616,0,0,22
Browser,20130206:171616,20130206:171617,0,0,1
Browser,20130206:171617,20130206:171646,0,0,9
Browser,20130206:171646,20130206:171718,0,0,0
FileOperation,20130206:171718,20130206:171719,0,0,0
Testing,20130206:171719,20130206:171726,0,0,0
Browser,20130206:171726,20130206:171748,0,0,0
Testing,20130206:171748,20130206:171755,0,0,24
Testing,20130206:171755,20130206:171758,0,0,1
Testing,20130206:171758,20130206:171907,0,0,2
Email,20130206:171907,20130206:171912,0,0,4
Testing,20130206:171912,20130206:171932,0,0,0
Browser,20130206:171932,20130206:171942,0,0,38
Browser,20130206:171942,20130206:171943,0,0,0
Browser,20130206:171943,20130206:171946,0,0,0
Browser,20130206:171946,20130206:171955,0,0,0
Browser,20130206:171955,20130206:172012,0,0,0
Browser,20130206:172012,20130206:172015,0,0,0
Browser,20130206:172015,20130206:172026,0,0,0
Browser,20130206:172026,20130206:172115,0,0,0
Browser,20130206:172115,20130206:172125,0,0,0
Browser,20130206:172125,20130206:172132,0,0,0
Browser,20130206:172132,20130206:172151,0,0,4
Testing,20130206:172151,20130206:172202,0,0,4
Browser,20130206:172202,20130206:172203,0,0,2
Testing,20130206:172203,20130206:172204,0,0,0
Browser,20130206:172204,20130206:172218,0,0,2
Testing,20130206:172218,20130206:172238,0,0,0
Email,20130206:172238,20130206:172242,0,0,1
Email,20130206:172242,20130206:172354,0,0,0
FileOperation,20130206:172354,20130206:172403,0,0,2
Testing,20130206:172403,20130206:172431,0,0,0
Browser,20130206:172431,20130206:172454,0,0,2
Testing,20130206:172454,20130206:172506,0,0,2
Browser,20130206:172506,20130206:172508,0,0,0
FileOperation,20130206:172508,20130206:172509,0,0,3
Testing,20130206:172509,20130206:172512,0,0,2
Testing,20130206:172512,20130206:172513,0,0,0
Browser,20130206:172513,20130206:172516,0,0,2
Testing,20130206:172516,20130206:172623,0,0,0
Browser,20130206:172623,20130206:172628,0,0,2
Testing,20130206:172628,20130206:172644,0,0,10
Browser,20130206:172644,20130206:172659,0,0,4
Testing,20130206:172659,20130206:172705,0,0,4
Browser,20130206:172705,20130206:172713,0,0,1
Testing,20130206:172714,20130206:172717,0,0,14
Browser,20130206:172717,20130206:172733,0,0,4
Testing,20130206:172733,20130206:172807,0,0,26
Browser,20130206:172807,20130206:172821,0,0,2
Testing,20130206:172821,20130206:172927,0,0,27
Browser,20130206:172927,20130206:172938,0,0,4
Testing,20130206:172938,20130206:172942,0,0,2
Browser,20130206:172942,20130206:172947,0,0,4
Testing,20130206:172947,20130206:173012,0,0,35
Testing,20130206:173012,20130206:173022,0,0,15
Browser,20130206:173022,20130206:173037,0,0,4
Testing,20130206:173037,20130206:173043,0,0,2
Browser,20130206:173043,20130206:173044,0,0,5
Testing,20130206:173044,20130206:173048,0,0,3
Browser,20130206:173048,20130206:173102,0,0,2
Testing,20130206:173102,20130206:173321,0,0,0
Browser,20130206:173321,20130206:173325,0,0,2
Testing,20130206:173325,20130206:173412,0,0,0
Other,20130206:173412,20130206:173422,0,0,0
Email,20130206:173422,20130206:173423,0,0,0
Email,20130206:173423,20130206:173445,0,0,5
Browser,20130206:173445,20130206:173449,0,0,0
Browser,20130206:173449,20130206:173450,0,0,0
Browser,20130206:173450,20130206:173451,0,0,0
Browser,20130206:173451,20130206:173452,0,0,2
Testing,20130206:173452,20130206:173513,0,0,0
Testing,20130206:173513,20130206:173625,0,0,1
Email,20130206:173625,20130206:173632,0,0,2
Browser,20130206:173632,20130206:173642,0,0,0
FileOperation,20130206:173642,20130206:173648,0,0,2
Testing,20130206:173648,20130206:173656,0,0,0
Other,20130206:173656,20130206:173700,0,0,0
Other,20130206:173700,20130206:173706,0,0,1
Other,20130206:173706,20130206:174001,0,0,83
Testing,20130206:174001,20130206:174003,0,0,0
Browser,20130206:174003,20130206:174008,0,0,0
Browser,20130206:174008,20130206:174009,0,0,0
Browser,20130206:174009,20130206:174011,0,0,0
Browser,20130206:174012,20130206:174013,0,0,0
Browser,20130206:174013,20130206:174119,0,0,21
Email,20130206:174120,20130206:174127,0,0,3
Email,20130206:174127,20130206:174425,0,0,0
Email,20130206:175708,20130206:175712,0,0,4
Browser,20130206:175712,20130206:175717,0,0,0
Browser,20130206:175717,20130206:175751,0,0,89
Email,20130206:175751,20130206:175756,0,0,3
FileOperation,20130206:175756,20130206:175759,0,0,0
FileOperation,20130206:175759,20130206:175814,0,0,0
FileOperation,20130206:175814,20130206:175816,0,0,0
FileOperation,20130206:175816,20130206:175817,0,0,0
FileOperation,20130206:175817,20130206:175818,0,0,0
Excel,20130206:175818,20130206:175820,0,0,0
Excel,20130206:175820,20130206:175821,0,0,0
Excel,20130206:175821,20130206:175844,0,0,25
FileOperation,20130206:175844,20130206:175846,0,0,0
Email,20130206:175846,20130206:175851,0,0,1
FileOperation,20130206:175851,20130206:175852,0,0,2
FileOperation,20130206:175852,20130206:175853,0,0,2
Email,20130206:175853,20130206:175854,0,0,1
Testing,20130206:175854,20130206:180013,0,0,0
Testing,20130206:180013,20130206:180155,0,0,0
Testing,20130206:181331,20130206:181514,0,0,47
Testing,20130206:181514,20130206:181638,0,0,34
Email,20130206:181639,20130206:181651,0,0,2
Testing,20130206:181651,20130206:182014,0,0,22
Testing,20130206:182014,20130206:182058,0,0,0
Browser,20130206:182058,20130206:182101,0,0,0
Browser,20130206:182101,20130206:182107,0,0,0
Email,20130206:182116,20130206:182131,0,0,68
Email,20130206:182131,20130206:182134,0,0,1
FileOperation,20130206:182134,20130206:182135,0,0,2
Email,20130206:182135,20130206:182157,0,0,0
FileOperation,20130206:182157,20130206:182158,0,0,0
FileOperation,20130206:182158,20130206:182159,0,0,0
FileOperation,20130206:182159,20130206:182200,0,0,0
Email,20130206:182200,20130206:182224,0,0,0
Email,20130206:182224,20130206:182226,0,0,2
Email,20130206:182226,20130206:182514,0,0,488
Email,20130206:182514,20130206:183014,0,0,632
Email,20130206:183014,20130206:183209,0,0,280
Email,20130206:183209,20130206:183211,0,0,3
Email,20130206:183211,20130206:183306,0,0,127
Email,20130206:183306,20130206:183307,0,0,3
Email,20130206:183307,20130206:183309,0,0,8
Email,20130206:183309,20130206:183310,0,0,4
Email,20130206:183310,20130206:183311,0,0,6
Email,20130206:183311,20130206:183319,0,0,1
Email,20130206:183319,20130206:183320,0,0,9
Email,20130206:183320,20130206:183321,0,0,7
Email,20130206:183321,20130206:183322,0,0,5
Email,20130206:183322,20130206:183323,0,0,8
Email,20130206:183323,20130206:183325,0,0,6
Email,20130206:183325,20130206:183326,0,0,2
Email,20130206:183326,20130206:183327,0,0,5
Email,20130206:183327,20130206:183328,0,0,9
Email,20130206:183328,20130206:183336,0,0,6
Email,20130206:183336,20130206:183337,0,0,7
Email,20130206:183337,20130206:183338,0,0,4
Email,20130206:183338,20130206:183346,0,0,1
Email,20130206:183346,20130206:183347,0,0,0
Email,20130206:183347,20130206:183349,0,0,0
Email,20130206:183349,20130206:183351,0,0,0
Email,20130206:183351,20130206:183420,0,0,3
Email,20130206:183420,20130206:183426,0,0,1
Browser,20130206:183426,20130206:183427,0,0,0
Browser,20130206:183427,20130206:183442,0,0,0
Email,20130206:183442,20130206:183450,0,0,2
Browser,20130206:183450,20130206:183508,0,0,26
Browser,20130206:183508,20130206:183509,0,0,0
Browser,20130206:183509,20130206:183514,0,0,0
Browser,20130206:183514,20130206:183516,0,0,0
Browser,20130206:183516,20130206:183805,0,0,0
Browser,20130206:183805,20130206:183808,0,0,0
Browser,20130206:183849,20130206:183850,0,0,2
Testing,20130206:183850,20130206:183933,0,0,0
Testing,20130206:183933,20130206:183934,0,0,1
Browser,20130206:183934,20130206:183937,0,0,0
Email,20130206:183937,20130206:183938,0,0,0
Email,20130206:183938,20130206:184009,0,0,1
Browser,20130206:184009,20130206:184014,0,0,0
Browser,20130206:184014,20130206:184057,0,0,0
Browser,20130206:184057,20130206:184058,0,0,0
Browser,20130206:184058,20130206:184102,0,0,0
Browser,20130206:184102,20130206:184151,0,0,0
Browser,20130206:184151,20130206:184152,0,0,0
Browser,20130206:184152,20130206:184240,0,0,0
Email,20130206:184251,20130206:184253,0,0,1
Browser,20130206:184254,20130206:184256,0,0,2
Browser,20130206:184256,20130206:184257,0,0,0
Other,20130206:184257,20130206:184301,0,0,0
Browser,20130206:184301,20130206:184302,0,0,0
Browser,20130206:184302,20130206:184306,0,0,0
Browser,20130206:184306,20130206:184311,0,0,7
Browser,20130206:184311,20130206:184313,0,0,0
Browser,20130206:184313,20130206:184515,0,0,30
Other,20130207:085203,20130207:085212,0,0,0
Other,20130207:085219,20130207:085251,0,0,0
Browser,20130207:085252,20130207:085256,0,0,0
Browser,20130207:085256,20130207:085303,0,0,0
Browser,20130207:085303,20130207:085311,0,0,0
Browser,20130207:085311,20130207:085317,0,0,7
Browser,20130207:085317,20130207:085324,0,0,0
Browser,20130207:085324,20130207:085326,0,0,0
Browser,20130207:085326,20130207:085331,0,0,0
Browser,20130207:085331,20130207:085339,0,0,0
Browser,20130207:085339,20130207:085615,0,0,0
Browser,20130207:085907,20130207:085909,0,0,10
Browser,20130207:085909,20130207:085946,0,0,0
Browser,20130207:085946,20130207:085950,0,0,0
Browser,20130207:085950,20130207:090000,0,0,0
Browser,20130207:090000,20130207:090024,0,0,0
Email,20130207:090033,20130207:090210,0,0,0
Email,20130207:090302,20130207:090318,0,0,12
Browser,20130207:090318,20130207:090320,0,0,0
Browser,20130207:090320,20130207:090321,0,0,0
Browser,20130207:090321,20130207:090322,0,0,0
Email,20130207:090322,20130207:090500,0,0,1
